speaker,filename,filepath,emotion,valence,arousal,dominance
Speaker-1,A-1-1-1.wav,C:\Users\FAIZAN KHAZI\Desktop\ML Project\iesc\dataset\Speaker-1\Anger\A-1-1-1.wav,Anger,2.98,7.02,6.38
Speaker-1,A-1-1-2.wav,C:\Users\FAIZAN KHAZI\Desktop\ML Project\iesc\dataset\Speaker-1\Anger\A-1-1-2.wav,Anger,2.98,7.02,6.38
Speaker-1,A-2-1-1.wav,C:\Users\FAIZAN KHAZI\Desktop\ML Project\iesc\dataset\Speaker-1\Anger\A-2-1-1.wav,Anger,2.98,7.02,6.38
Speaker-1,A-2-1-2.wav,C:\Users\FAIZAN KHAZI\Desktop\ML Project\iesc\dataset\Speaker-1\Anger\A-2-1-2.wav,Anger,2.98,7.02,6.38
Speaker-1,A-3-1-1.wav,C:\Users\FAIZAN KHAZI\Desktop\ML Project\iesc\dataset\Speaker-1\Anger\A-3-1-1.wav,Anger,2.98,7.02,6.38
Speaker-1,A-3-1-2.wav,C:\Users\FAIZAN KHAZI\Desktop\ML Project\iesc\dataset\Speaker-1\Anger\A-3-1-2.wav,Anger,2.98,7.02,6.38
Speaker-1,A-4-1-1.wav,C:\Users\FAIZAN KHAZI\Desktop\ML Project\iesc\dataset\Speaker-1\Anger\A-4-1-1.wav,Anger,2.98,7.02,6.38
Speaker-1,A-4-1-2.wav,C:\Users\FAIZAN KHAZI\Desktop\ML Project\iesc\dataset\Speaker-1\Anger\A-4-1-2.wav,Anger,2.98,7.02,6.38
Speaker-1,A-5-1-1.wav,C:\Users\FAIZAN KHAZI\Desktop\ML Project\iesc\dataset\Speaker-1\Anger\A-5-1-1.wav,Anger,2.98,7.02,6.38
Speaker-1,A-5-1-2.wav,C:\Users\FAIZAN KHAZI\Desktop\ML Project\iesc\dataset\Speaker-1\Anger\A-5-1-2.wav,Anger,2.98,7.02,6.38
Speaker-1,F-1-1-1.wav,C:\Users\FAIZAN KHAZI\Desktop\ML Project\iesc\dataset\Speaker-1\Fear\F-1-1-1.wav,Fear,2.5,7.41,3.69
Speaker-1,F-1-1-2.wav,C:\Users\FAIZAN KHAZI\Desktop\ML Project\iesc\dataset\Speaker-1\Fear\F-1-1-2.wav,Fear,2.5,7.41,3.69
Speaker-1,F-2-1-1.wav,C:\Users\FAIZAN KHAZI\Desktop\ML Project\iesc\dataset\Speaker-1\Fear\F-2-1-1.wav,Fear,2.5,7.41,3.69
Speaker-1,F-2-1-2.wav,C:\Users\FAIZAN KHAZI\Desktop\ML Project\iesc\dataset\Speaker-1\Fear\F-2-1-2.wav,Fear,2.5,7.41,3.69
Speaker-1,F-3-1-1.wav,C:\Users\FAIZAN KHAZI\Desktop\ML Project\iesc\dataset\Speaker-1\Fear\F-3-1-1.wav,Fear,2.5,7.41,3.69
Speaker-1,F-3-1-2.wav,C:\Users\FAIZAN KHAZI\Desktop\ML Project\iesc\dataset\Speaker-1\Fear\F-3-1-2.wav,Fear,2.5,7.41,3.69
Speaker-1,F-4-1-1.wav,C:\Users\FAIZAN KHAZI\Desktop\ML Project\iesc\dataset\Speaker-1\Fear\F-4-1-1.wav,Fear,2.5,7.41,3.69
Speaker-1,F-4-1-2.wav,C:\Users\FAIZAN KHAZI\Desktop\ML Project\iesc\dataset\Speaker-1\Fear\F-4-1-2.wav,Fear,2.5,7.41,3.69
Speaker-1,F-5-1-1.wav,C:\Users\FAIZAN KHAZI\Desktop\ML Project\iesc\dataset\Speaker-1\Fear\F-5-1-1.wav,Fear,2.5,7.41,3.69
Speaker-1,F-5-1-2.wav,C:\Users\FAIZAN KHAZI\Desktop\ML Project\iesc\dataset\Speaker-1\Fear\F-5-1-2.wav,Fear,2.5,7.41,3.69
Speaker-1,H-1-1-1.wav,C:\Users\FAIZAN KHAZI\Desktop\ML Project\iesc\dataset\Speaker-1\Happy\H-1-1-1.wav,Happy,8.21,6.49,6.26
Speaker-1,H-1-1-2.wav,C:\Users\FAIZAN KHAZI\Desktop\ML Project\iesc\dataset\Speaker-1\Happy\H-1-1-2.wav,Happy,8.21,6.49,6.26
Speaker-1,H-2-1-1.wav,C:\Users\FAIZAN KHAZI\Desktop\ML Project\iesc\dataset\Speaker-1\Happy\H-2-1-1.wav,Happy,8.21,6.49,6.26
Speaker-1,H-2-1-2.wav,C:\Users\FAIZAN KHAZI\Desktop\ML Project\iesc\dataset\Speaker-1\Happy\H-2-1-2.wav,Happy,8.21,6.49,6.26
Speaker-1,H-3-1-1.wav,C:\Users\FAIZAN KHAZI\Desktop\ML Project\iesc\dataset\Speaker-1\Happy\H-3-1-1.wav,Happy,8.21,6.49,6.26
Speaker-1,H-3-1-2.wav,C:\Users\FAIZAN KHAZI\Desktop\ML Project\iesc\dataset\Speaker-1\Happy\H-3-1-2.wav,Happy,8.21,6.49,6.26
Speaker-1,H-4-1-1.wav,C:\Users\FAIZAN KHAZI\Desktop\ML Project\iesc\dataset\Speaker-1\Happy\H-4-1-1.wav,Happy,8.21,6.49,6.26
Speaker-1,H-4-1-2.wav,C:\Users\FAIZAN KHAZI\Desktop\ML Project\iesc\dataset\Speaker-1\Happy\H-4-1-2.wav,Happy,8.21,6.49,6.26
Speaker-1,H-5-1-1.wav,C:\Users\FAIZAN KHAZI\Desktop\ML Project\iesc\dataset\Speaker-1\Happy\H-5-1-1.wav,Happy,8.21,6.49,6.26
Speaker-1,H-5-1-2.wav,C:\Users\FAIZAN KHAZI\Desktop\ML Project\iesc\dataset\Speaker-1\Happy\H-5-1-2.wav,Happy,8.21,6.49,6.26
Speaker-1,N-1-1-1.wav,C:\Users\FAIZAN KHAZI\Desktop\ML Project\iesc\dataset\Speaker-1\Neutral\N-1-1-1.wav,Neutral,5.16,3.88,5.0
Speaker-1,N-1-1-2.wav,C:\Users\FAIZAN KHAZI\Desktop\ML Project\iesc\dataset\Speaker-1\Neutral\N-1-1-2.wav,Neutral,5.16,3.88,5.0
Speaker-1,N-2-1-1.wav,C:\Users\FAIZAN KHAZI\Desktop\ML Project\iesc\dataset\Speaker-1\Neutral\N-2-1-1.wav,Neutral,5.16,3.88,5.0
Speaker-1,N-2-1-2.wav,C:\Users\FAIZAN KHAZI\Desktop\ML Project\iesc\dataset\Speaker-1\Neutral\N-2-1-2.wav,Neutral,5.16,3.88,5.0
Speaker-1,N-3-1-1.wav,C:\Users\FAIZAN KHAZI\Desktop\ML Project\iesc\dataset\Speaker-1\Neutral\N-3-1-1.wav,Neutral,5.16,3.88,5.0
Speaker-1,N-3-1-2.wav,C:\Users\FAIZAN KHAZI\Desktop\ML Project\iesc\dataset\Speaker-1\Neutral\N-3-1-2.wav,Neutral,5.16,3.88,5.0
Speaker-1,N-4-1-1.wav,C:\Users\FAIZAN KHAZI\Desktop\ML Project\iesc\dataset\Speaker-1\Neutral\N-4-1-1.wav,Neutral,5.16,3.88,5.0
Speaker-1,N-4-1-2.wav,C:\Users\FAIZAN KHAZI\Desktop\ML Project\iesc\dataset\Speaker-1\Neutral\N-4-1-2.wav,Neutral,5.16,3.88,5.0
Speaker-1,N-5-1-1.wav,C:\Users\FAIZAN KHAZI\Desktop\ML Project\iesc\dataset\Speaker-1\Neutral\N-5-1-1.wav,Neutral,5.16,3.88,5.0
Speaker-1,N-5-1-2.wav,C:\Users\FAIZAN KHAZI\Desktop\ML Project\iesc\dataset\Speaker-1\Neutral\N-5-1-2.wav,Neutral,5.16,3.88,5.0
Speaker-1,S-1-1-1.wav,C:\Users\FAIZAN KHAZI\Desktop\ML Project\iesc\dataset\Speaker-1\Sad\S-1-1-1.wav,Sad,2.32,3.47,2.98
Speaker-1,S-1-1-2.wav,C:\Users\FAIZAN KHAZI\Desktop\ML Project\iesc\dataset\Speaker-1\Sad\S-1-1-2.wav,Sad,2.32,3.47,2.98
Speaker-1,S-2-1-1.wav,C:\Users\FAIZAN KHAZI\Desktop\ML Project\iesc\dataset\Speaker-1\Sad\S-2-1-1.wav,Sad,2.32,3.47,2.98
Speaker-1,S-2-1-2.wav,C:\Users\FAIZAN KHAZI\Desktop\ML Project\iesc\dataset\Speaker-1\Sad\S-2-1-2.wav,Sad,2.32,3.47,2.98
Speaker-1,S-3-1-1.wav,C:\Users\FAIZAN KHAZI\Desktop\ML Project\iesc\dataset\Speaker-1\Sad\S-3-1-1.wav,Sad,2.32,3.47,2.98
Speaker-1,S-3-1-2.wav,C:\Users\FAIZAN KHAZI\Desktop\ML Project\iesc\dataset\Speaker-1\Sad\S-3-1-2.wav,Sad,2.32,3.47,2.98
Speaker-1,S-4-1-1.wav,C:\Users\FAIZAN KHAZI\Desktop\ML Project\iesc\dataset\Speaker-1\Sad\S-4-1-1.wav,Sad,2.32,3.47,2.98
Speaker-1,S-4-1-2.wav,C:\Users\FAIZAN KHAZI\Desktop\ML Project\iesc\dataset\Speaker-1\Sad\S-4-1-2.wav,Sad,2.32,3.47,2.98
Speaker-1,S-5-1-1.wav,C:\Users\FAIZAN KHAZI\Desktop\ML Project\iesc\dataset\Speaker-1\Sad\S-5-1-1.wav,Sad,2.32,3.47,2.98
Speaker-1,S-5-1-2.wav,C:\Users\FAIZAN KHAZI\Desktop\ML Project\iesc\dataset\Speaker-1\Sad\S-5-1-2.wav,Sad,2.32,3.47,2.98
Speaker-2,A-1-2-1.wav,C:\Users\FAIZAN KHAZI\Desktop\ML Project\iesc\dataset\Speaker-2\Anger\A-1-2-1.wav,Anger,2.98,7.02,6.38
Speaker-2,A-1-2-2.wav,C:\Users\FAIZAN KHAZI\Desktop\ML Project\iesc\dataset\Speaker-2\Anger\A-1-2-2.wav,Anger,2.98,7.02,6.38
Speaker-2,A-2-2-1.wav,C:\Users\FAIZAN KHAZI\Desktop\ML Project\iesc\dataset\Speaker-2\Anger\A-2-2-1.wav,Anger,2.98,7.02,6.38
Speaker-2,A-2-2-2.wav,C:\Users\FAIZAN KHAZI\Desktop\ML Project\iesc\dataset\Speaker-2\Anger\A-2-2-2.wav,Anger,2.98,7.02,6.38
Speaker-2,A-3-2-1.wav,C:\Users\FAIZAN KHAZI\Desktop\ML Project\iesc\dataset\Speaker-2\Anger\A-3-2-1.wav,Anger,2.98,7.02,6.38
Speaker-2,A-3-2-2.wav,C:\Users\FAIZAN KHAZI\Desktop\ML Project\iesc\dataset\Speaker-2\Anger\A-3-2-2.wav,Anger,2.98,7.02,6.38
Speaker-2,A-4-2-1.wav,C:\Users\FAIZAN KHAZI\Desktop\ML Project\iesc\dataset\Speaker-2\Anger\A-4-2-1.wav,Anger,2.98,7.02,6.38
Speaker-2,A-4-2-2.wav,C:\Users\FAIZAN KHAZI\Desktop\ML Project\iesc\dataset\Speaker-2\Anger\A-4-2-2.wav,Anger,2.98,7.02,6.38
Speaker-2,A-5-2-1.wav,C:\Users\FAIZAN KHAZI\Desktop\ML Project\iesc\dataset\Speaker-2\Anger\A-5-2-1.wav,Anger,2.98,7.02,6.38
Speaker-2,A-5-2-2.wav,C:\Users\FAIZAN KHAZI\Desktop\ML Project\iesc\dataset\Speaker-2\Anger\A-5-2-2.wav,Anger,2.98,7.02,6.38
Speaker-2,F-1-2-1.wav,C:\Users\FAIZAN KHAZI\Desktop\ML Project\iesc\dataset\Speaker-2\Fear\F-1-2-1.wav,Fear,2.5,7.41,3.69
Speaker-2,F-1-2-2.wav,C:\Users\FAIZAN KHAZI\Desktop\ML Project\iesc\dataset\Speaker-2\Fear\F-1-2-2.wav,Fear,2.5,7.41,3.69
Speaker-2,F-2-2-1.wav,C:\Users\FAIZAN KHAZI\Desktop\ML Project\iesc\dataset\Speaker-2\Fear\F-2-2-1.wav,Fear,2.5,7.41,3.69
Speaker-2,F-2-2-2.wav,C:\Users\FAIZAN KHAZI\Desktop\ML Project\iesc\dataset\Speaker-2\Fear\F-2-2-2.wav,Fear,2.5,7.41,3.69
Speaker-2,F-3-2-1.wav,C:\Users\FAIZAN KHAZI\Desktop\ML Project\iesc\dataset\Speaker-2\Fear\F-3-2-1.wav,Fear,2.5,7.41,3.69
Speaker-2,F-3-2-2.wav,C:\Users\FAIZAN KHAZI\Desktop\ML Project\iesc\dataset\Speaker-2\Fear\F-3-2-2.wav,Fear,2.5,7.41,3.69
Speaker-2,F-4-2-1.wav,C:\Users\FAIZAN KHAZI\Desktop\ML Project\iesc\dataset\Speaker-2\Fear\F-4-2-1.wav,Fear,2.5,7.41,3.69
Speaker-2,F-4-2-2.wav,C:\Users\FAIZAN KHAZI\Desktop\ML Project\iesc\dataset\Speaker-2\Fear\F-4-2-2.wav,Fear,2.5,7.41,3.69
Speaker-2,F-5-2-1.wav,C:\Users\FAIZAN KHAZI\Desktop\ML Project\iesc\dataset\Speaker-2\Fear\F-5-2-1.wav,Fear,2.5,7.41,3.69
Speaker-2,F-5-2-2.wav,C:\Users\FAIZAN KHAZI\Desktop\ML Project\iesc\dataset\Speaker-2\Fear\F-5-2-2.wav,Fear,2.5,7.41,3.69
Speaker-2,H-1-2-1.wav,C:\Users\FAIZAN KHAZI\Desktop\ML Project\iesc\dataset\Speaker-2\Happy\H-1-2-1.wav,Happy,8.21,6.49,6.26
Speaker-2,H-1-2-2.wav,C:\Users\FAIZAN KHAZI\Desktop\ML Project\iesc\dataset\Speaker-2\Happy\H-1-2-2.wav,Happy,8.21,6.49,6.26
Speaker-2,H-2-2-1.wav,C:\Users\FAIZAN KHAZI\Desktop\ML Project\iesc\dataset\Speaker-2\Happy\H-2-2-1.wav,Happy,8.21,6.49,6.26
Speaker-2,H-2-2-2.wav,C:\Users\FAIZAN KHAZI\Desktop\ML Project\iesc\dataset\Speaker-2\Happy\H-2-2-2.wav,Happy,8.21,6.49,6.26
Speaker-2,H-3-2-1.wav,C:\Users\FAIZAN KHAZI\Desktop\ML Project\iesc\dataset\Speaker-2\Happy\H-3-2-1.wav,Happy,8.21,6.49,6.26
Speaker-2,H-3-2-2.wav,C:\Users\FAIZAN KHAZI\Desktop\ML Project\iesc\dataset\Speaker-2\Happy\H-3-2-2.wav,Happy,8.21,6.49,6.26
Speaker-2,H-4-2-1.wav,C:\Users\FAIZAN KHAZI\Desktop\ML Project\iesc\dataset\Speaker-2\Happy\H-4-2-1.wav,Happy,8.21,6.49,6.26
Speaker-2,H-4-2-2.wav,C:\Users\FAIZAN KHAZI\Desktop\ML Project\iesc\dataset\Speaker-2\Happy\H-4-2-2.wav,Happy,8.21,6.49,6.26
Speaker-2,H-5-2-1.wav,C:\Users\FAIZAN KHAZI\Desktop\ML Project\iesc\dataset\Speaker-2\Happy\H-5-2-1.wav,Happy,8.21,6.49,6.26
Speaker-2,H-5-2-2.wav,C:\Users\FAIZAN KHAZI\Desktop\ML Project\iesc\dataset\Speaker-2\Happy\H-5-2-2.wav,Happy,8.21,6.49,6.26
Speaker-2,N-1-2-1.wav,C:\Users\FAIZAN KHAZI\Desktop\ML Project\iesc\dataset\Speaker-2\Neutral\N-1-2-1.wav,Neutral,5.16,3.88,5.0
Speaker-2,N-1-2-2.wav,C:\Users\FAIZAN KHAZI\Desktop\ML Project\iesc\dataset\Speaker-2\Neutral\N-1-2-2.wav,Neutral,5.16,3.88,5.0
Speaker-2,N-2-2-1.wav,C:\Users\FAIZAN KHAZI\Desktop\ML Project\iesc\dataset\Speaker-2\Neutral\N-2-2-1.wav,Neutral,5.16,3.88,5.0
Speaker-2,N-2-2-2.wav,C:\Users\FAIZAN KHAZI\Desktop\ML Project\iesc\dataset\Speaker-2\Neutral\N-2-2-2.wav,Neutral,5.16,3.88,5.0
Speaker-2,N-3-2-1.wav,C:\Users\FAIZAN KHAZI\Desktop\ML Project\iesc\dataset\Speaker-2\Neutral\N-3-2-1.wav,Neutral,5.16,3.88,5.0
Speaker-2,N-3-2-2.wav,C:\Users\FAIZAN KHAZI\Desktop\ML Project\iesc\dataset\Speaker-2\Neutral\N-3-2-2.wav,Neutral,5.16,3.88,5.0
Speaker-2,N-4-2-1.wav,C:\Users\FAIZAN KHAZI\Desktop\ML Project\iesc\dataset\Speaker-2\Neutral\N-4-2-1.wav,Neutral,5.16,3.88,5.0
Speaker-2,N-4-2-2.wav,C:\Users\FAIZAN KHAZI\Desktop\ML Project\iesc\dataset\Speaker-2\Neutral\N-4-2-2.wav,Neutral,5.16,3.88,5.0
Speaker-2,N-5-2-1.wav,C:\Users\FAIZAN KHAZI\Desktop\ML Project\iesc\dataset\Speaker-2\Neutral\N-5-2-1.wav,Neutral,5.16,3.88,5.0
Speaker-2,N-5-2-2.wav,C:\Users\FAIZAN KHAZI\Desktop\ML Project\iesc\dataset\Speaker-2\Neutral\N-5-2-2.wav,Neutral,5.16,3.88,5.0
Speaker-2,S-1-2-1.wav,C:\Users\FAIZAN KHAZI\Desktop\ML Project\iesc\dataset\Speaker-2\Sad\S-1-2-1.wav,Sad,2.32,3.47,2.98
Speaker-2,S-1-2-2.wav,C:\Users\FAIZAN KHAZI\Desktop\ML Project\iesc\dataset\Speaker-2\Sad\S-1-2-2.wav,Sad,2.32,3.47,2.98
Speaker-2,S-2-2-1.wav,C:\Users\FAIZAN KHAZI\Desktop\ML Project\iesc\dataset\Speaker-2\Sad\S-2-2-1.wav,Sad,2.32,3.47,2.98
Speaker-2,S-2-2-2.wav,C:\Users\FAIZAN KHAZI\Desktop\ML Project\iesc\dataset\Speaker-2\Sad\S-2-2-2.wav,Sad,2.32,3.47,2.98
Speaker-2,S-3-2-1.wav,C:\Users\FAIZAN KHAZI\Desktop\ML Project\iesc\dataset\Speaker-2\Sad\S-3-2-1.wav,Sad,2.32,3.47,2.98
Speaker-2,S-3-2-2.wav,C:\Users\FAIZAN KHAZI\Desktop\ML Project\iesc\dataset\Speaker-2\Sad\S-3-2-2.wav,Sad,2.32,3.47,2.98
Speaker-2,S-4-2-1.wav,C:\Users\FAIZAN KHAZI\Desktop\ML Project\iesc\dataset\Speaker-2\Sad\S-4-2-1.wav,Sad,2.32,3.47,2.98
Speaker-2,S-4-2-2.wav,C:\Users\FAIZAN KHAZI\Desktop\ML Project\iesc\dataset\Speaker-2\Sad\S-4-2-2.wav,Sad,2.32,3.47,2.98
Speaker-2,S-5-2-1.wav,C:\Users\FAIZAN KHAZI\Desktop\ML Project\iesc\dataset\Speaker-2\Sad\S-5-2-1.wav,Sad,2.32,3.47,2.98
Speaker-2,S-5-2-2.wav,C:\Users\FAIZAN KHAZI\Desktop\ML Project\iesc\dataset\Speaker-2\Sad\S-5-2-2.wav,Sad,2.32,3.47,2.98
Speaker-3,A-1-3-1.wav,C:\Users\FAIZAN KHAZI\Desktop\ML Project\iesc\dataset\Speaker-3\Anger\A-1-3-1.wav,Anger,2.98,7.02,6.38
Speaker-3,A-1-3-2.wav,C:\Users\FAIZAN KHAZI\Desktop\ML Project\iesc\dataset\Speaker-3\Anger\A-1-3-2.wav,Anger,2.98,7.02,6.38
Speaker-3,A-2-3-1.wav,C:\Users\FAIZAN KHAZI\Desktop\ML Project\iesc\dataset\Speaker-3\Anger\A-2-3-1.wav,Anger,2.98,7.02,6.38
Speaker-3,A-2-3-2.wav,C:\Users\FAIZAN KHAZI\Desktop\ML Project\iesc\dataset\Speaker-3\Anger\A-2-3-2.wav,Anger,2.98,7.02,6.38
Speaker-3,A-3-3-1.wav,C:\Users\FAIZAN KHAZI\Desktop\ML Project\iesc\dataset\Speaker-3\Anger\A-3-3-1.wav,Anger,2.98,7.02,6.38
Speaker-3,A-3-3-2.wav,C:\Users\FAIZAN KHAZI\Desktop\ML Project\iesc\dataset\Speaker-3\Anger\A-3-3-2.wav,Anger,2.98,7.02,6.38
Speaker-3,A-4-3-1.wav,C:\Users\FAIZAN KHAZI\Desktop\ML Project\iesc\dataset\Speaker-3\Anger\A-4-3-1.wav,Anger,2.98,7.02,6.38
Speaker-3,A-4-3-2.wav,C:\Users\FAIZAN KHAZI\Desktop\ML Project\iesc\dataset\Speaker-3\Anger\A-4-3-2.wav,Anger,2.98,7.02,6.38
Speaker-3,A-5-3-1.wav,C:\Users\FAIZAN KHAZI\Desktop\ML Project\iesc\dataset\Speaker-3\Anger\A-5-3-1.wav,Anger,2.98,7.02,6.38
Speaker-3,A-5-3-2.wav,C:\Users\FAIZAN KHAZI\Desktop\ML Project\iesc\dataset\Speaker-3\Anger\A-5-3-2.wav,Anger,2.98,7.02,6.38
Speaker-3,F-1-3-1.wav,C:\Users\FAIZAN KHAZI\Desktop\ML Project\iesc\dataset\Speaker-3\Fear\F-1-3-1.wav,Fear,2.5,7.41,3.69
Speaker-3,F-1-3-2.wav,C:\Users\FAIZAN KHAZI\Desktop\ML Project\iesc\dataset\Speaker-3\Fear\F-1-3-2.wav,Fear,2.5,7.41,3.69
Speaker-3,F-2-3-1.wav,C:\Users\FAIZAN KHAZI\Desktop\ML Project\iesc\dataset\Speaker-3\Fear\F-2-3-1.wav,Fear,2.5,7.41,3.69
Speaker-3,F-2-3-2.wav,C:\Users\FAIZAN KHAZI\Desktop\ML Project\iesc\dataset\Speaker-3\Fear\F-2-3-2.wav,Fear,2.5,7.41,3.69
Speaker-3,F-3-3-1.wav,C:\Users\FAIZAN KHAZI\Desktop\ML Project\iesc\dataset\Speaker-3\Fear\F-3-3-1.wav,Fear,2.5,7.41,3.69
Speaker-3,F-3-3-2.wav,C:\Users\FAIZAN KHAZI\Desktop\ML Project\iesc\dataset\Speaker-3\Fear\F-3-3-2.wav,Fear,2.5,7.41,3.69
Speaker-3,F-4-3-1.wav,C:\Users\FAIZAN KHAZI\Desktop\ML Project\iesc\dataset\Speaker-3\Fear\F-4-3-1.wav,Fear,2.5,7.41,3.69
Speaker-3,F-4-3-2.wav,C:\Users\FAIZAN KHAZI\Desktop\ML Project\iesc\dataset\Speaker-3\Fear\F-4-3-2.wav,Fear,2.5,7.41,3.69
Speaker-3,F-5-3-1.wav,C:\Users\FAIZAN KHAZI\Desktop\ML Project\iesc\dataset\Speaker-3\Fear\F-5-3-1.wav,Fear,2.5,7.41,3.69
Speaker-3,F-5-3-2.wav,C:\Users\FAIZAN KHAZI\Desktop\ML Project\iesc\dataset\Speaker-3\Fear\F-5-3-2.wav,Fear,2.5,7.41,3.69
Speaker-3,H-1-3-1.wav,C:\Users\FAIZAN KHAZI\Desktop\ML Project\iesc\dataset\Speaker-3\Happy\H-1-3-1.wav,Happy,8.21,6.49,6.26
Speaker-3,H-1-3-2.wav,C:\Users\FAIZAN KHAZI\Desktop\ML Project\iesc\dataset\Speaker-3\Happy\H-1-3-2.wav,Happy,8.21,6.49,6.26
Speaker-3,H-2-3-1.wav,C:\Users\FAIZAN KHAZI\Desktop\ML Project\iesc\dataset\Speaker-3\Happy\H-2-3-1.wav,Happy,8.21,6.49,6.26
Speaker-3,H-2-3-2.wav,C:\Users\FAIZAN KHAZI\Desktop\ML Project\iesc\dataset\Speaker-3\Happy\H-2-3-2.wav,Happy,8.21,6.49,6.26
Speaker-3,H-3-3-1.wav,C:\Users\FAIZAN KHAZI\Desktop\ML Project\iesc\dataset\Speaker-3\Happy\H-3-3-1.wav,Happy,8.21,6.49,6.26
Speaker-3,H-3-3-2.wav,C:\Users\FAIZAN KHAZI\Desktop\ML Project\iesc\dataset\Speaker-3\Happy\H-3-3-2.wav,Happy,8.21,6.49,6.26
Speaker-3,H-4-3-1.wav,C:\Users\FAIZAN KHAZI\Desktop\ML Project\iesc\dataset\Speaker-3\Happy\H-4-3-1.wav,Happy,8.21,6.49,6.26
Speaker-3,H-4-3-2.wav,C:\Users\FAIZAN KHAZI\Desktop\ML Project\iesc\dataset\Speaker-3\Happy\H-4-3-2.wav,Happy,8.21,6.49,6.26
Speaker-3,H-5-3-1.wav,C:\Users\FAIZAN KHAZI\Desktop\ML Project\iesc\dataset\Speaker-3\Happy\H-5-3-1.wav,Happy,8.21,6.49,6.26
Speaker-3,H-5-3-2.wav,C:\Users\FAIZAN KHAZI\Desktop\ML Project\iesc\dataset\Speaker-3\Happy\H-5-3-2.wav,Happy,8.21,6.49,6.26
Speaker-3,N-1-3-1.wav,C:\Users\FAIZAN KHAZI\Desktop\ML Project\iesc\dataset\Speaker-3\Neutral\N-1-3-1.wav,Neutral,5.16,3.88,5.0
Speaker-3,N-1-3-2.wav,C:\Users\FAIZAN KHAZI\Desktop\ML Project\iesc\dataset\Speaker-3\Neutral\N-1-3-2.wav,Neutral,5.16,3.88,5.0
Speaker-3,N-2-3-1.wav,C:\Users\FAIZAN KHAZI\Desktop\ML Project\iesc\dataset\Speaker-3\Neutral\N-2-3-1.wav,Neutral,5.16,3.88,5.0
Speaker-3,N-2-3-2.wav,C:\Users\FAIZAN KHAZI\Desktop\ML Project\iesc\dataset\Speaker-3\Neutral\N-2-3-2.wav,Neutral,5.16,3.88,5.0
Speaker-3,N-3-3-1.wav,C:\Users\FAIZAN KHAZI\Desktop\ML Project\iesc\dataset\Speaker-3\Neutral\N-3-3-1.wav,Neutral,5.16,3.88,5.0
Speaker-3,N-3-3-2.wav,C:\Users\FAIZAN KHAZI\Desktop\ML Project\iesc\dataset\Speaker-3\Neutral\N-3-3-2.wav,Neutral,5.16,3.88,5.0
Speaker-3,N-4-3-1.wav,C:\Users\FAIZAN KHAZI\Desktop\ML Project\iesc\dataset\Speaker-3\Neutral\N-4-3-1.wav,Neutral,5.16,3.88,5.0
Speaker-3,N-4-3-2.wav,C:\Users\FAIZAN KHAZI\Desktop\ML Project\iesc\dataset\Speaker-3\Neutral\N-4-3-2.wav,Neutral,5.16,3.88,5.0
Speaker-3,N-5-3-1.wav,C:\Users\FAIZAN KHAZI\Desktop\ML Project\iesc\dataset\Speaker-3\Neutral\N-5-3-1.wav,Neutral,5.16,3.88,5.0
Speaker-3,N-5-3-2.wav,C:\Users\FAIZAN KHAZI\Desktop\ML Project\iesc\dataset\Speaker-3\Neutral\N-5-3-2.wav,Neutral,5.16,3.88,5.0
Speaker-3,S-1-3-1.wav,C:\Users\FAIZAN KHAZI\Desktop\ML Project\iesc\dataset\Speaker-3\Sad\S-1-3-1.wav,Sad,2.32,3.47,2.98
Speaker-3,S-1-3-2.wav,C:\Users\FAIZAN KHAZI\Desktop\ML Project\iesc\dataset\Speaker-3\Sad\S-1-3-2.wav,Sad,2.32,3.47,2.98
Speaker-3,S-2-3-1.wav,C:\Users\FAIZAN KHAZI\Desktop\ML Project\iesc\dataset\Speaker-3\Sad\S-2-3-1.wav,Sad,2.32,3.47,2.98
Speaker-3,S-2-3-2.wav,C:\Users\FAIZAN KHAZI\Desktop\ML Project\iesc\dataset\Speaker-3\Sad\S-2-3-2.wav,Sad,2.32,3.47,2.98
Speaker-3,S-3-3-1.wav,C:\Users\FAIZAN KHAZI\Desktop\ML Project\iesc\dataset\Speaker-3\Sad\S-3-3-1.wav,Sad,2.32,3.47,2.98
Speaker-3,S-3-3-2.wav,C:\Users\FAIZAN KHAZI\Desktop\ML Project\iesc\dataset\Speaker-3\Sad\S-3-3-2.wav,Sad,2.32,3.47,2.98
Speaker-3,S-4-3-1.wav,C:\Users\FAIZAN KHAZI\Desktop\ML Project\iesc\dataset\Speaker-3\Sad\S-4-3-1.wav,Sad,2.32,3.47,2.98
Speaker-3,S-4-3-2.wav,C:\Users\FAIZAN KHAZI\Desktop\ML Project\iesc\dataset\Speaker-3\Sad\S-4-3-2.wav,Sad,2.32,3.47,2.98
Speaker-3,S-5-3-1.wav,C:\Users\FAIZAN KHAZI\Desktop\ML Project\iesc\dataset\Speaker-3\Sad\S-5-3-1.wav,Sad,2.32,3.47,2.98
Speaker-3,S-5-3-2.wav,C:\Users\FAIZAN KHAZI\Desktop\ML Project\iesc\dataset\Speaker-3\Sad\S-5-3-2.wav,Sad,2.32,3.47,2.98
Speaker-4,A-1-4-1.wav,C:\Users\FAIZAN KHAZI\Desktop\ML Project\iesc\dataset\Speaker-4\Anger\A-1-4-1.wav,Anger,2.98,7.02,6.38
Speaker-4,A-1-4-2.wav,C:\Users\FAIZAN KHAZI\Desktop\ML Project\iesc\dataset\Speaker-4\Anger\A-1-4-2.wav,Anger,2.98,7.02,6.38
Speaker-4,A-2-4-1.wav,C:\Users\FAIZAN KHAZI\Desktop\ML Project\iesc\dataset\Speaker-4\Anger\A-2-4-1.wav,Anger,2.98,7.02,6.38
Speaker-4,A-2-4-2.wav,C:\Users\FAIZAN KHAZI\Desktop\ML Project\iesc\dataset\Speaker-4\Anger\A-2-4-2.wav,Anger,2.98,7.02,6.38
Speaker-4,A-3-4-1.wav,C:\Users\FAIZAN KHAZI\Desktop\ML Project\iesc\dataset\Speaker-4\Anger\A-3-4-1.wav,Anger,2.98,7.02,6.38
Speaker-4,A-3-4-2.wav,C:\Users\FAIZAN KHAZI\Desktop\ML Project\iesc\dataset\Speaker-4\Anger\A-3-4-2.wav,Anger,2.98,7.02,6.38
Speaker-4,A-4-4-1.wav,C:\Users\FAIZAN KHAZI\Desktop\ML Project\iesc\dataset\Speaker-4\Anger\A-4-4-1.wav,Anger,2.98,7.02,6.38
Speaker-4,A-4-4-2.wav,C:\Users\FAIZAN KHAZI\Desktop\ML Project\iesc\dataset\Speaker-4\Anger\A-4-4-2.wav,Anger,2.98,7.02,6.38
Speaker-4,A-5-4-1.wav,C:\Users\FAIZAN KHAZI\Desktop\ML Project\iesc\dataset\Speaker-4\Anger\A-5-4-1.wav,Anger,2.98,7.02,6.38
Speaker-4,A-5-4-2.wav,C:\Users\FAIZAN KHAZI\Desktop\ML Project\iesc\dataset\Speaker-4\Anger\A-5-4-2.wav,Anger,2.98,7.02,6.38
Speaker-4,F-1-4-1.wav,C:\Users\FAIZAN KHAZI\Desktop\ML Project\iesc\dataset\Speaker-4\Fear\F-1-4-1.wav,Fear,2.5,7.41,3.69
Speaker-4,F-1-4-2.wav,C:\Users\FAIZAN KHAZI\Desktop\ML Project\iesc\dataset\Speaker-4\Fear\F-1-4-2.wav,Fear,2.5,7.41,3.69
Speaker-4,F-2-4-1.wav,C:\Users\FAIZAN KHAZI\Desktop\ML Project\iesc\dataset\Speaker-4\Fear\F-2-4-1.wav,Fear,2.5,7.41,3.69
Speaker-4,F-2-4-2.wav,C:\Users\FAIZAN KHAZI\Desktop\ML Project\iesc\dataset\Speaker-4\Fear\F-2-4-2.wav,Fear,2.5,7.41,3.69
Speaker-4,F-3-4-1.wav,C:\Users\FAIZAN KHAZI\Desktop\ML Project\iesc\dataset\Speaker-4\Fear\F-3-4-1.wav,Fear,2.5,7.41,3.69
Speaker-4,F-3-4-2.wav,C:\Users\FAIZAN KHAZI\Desktop\ML Project\iesc\dataset\Speaker-4\Fear\F-3-4-2.wav,Fear,2.5,7.41,3.69
Speaker-4,F-4-4-1.wav,C:\Users\FAIZAN KHAZI\Desktop\ML Project\iesc\dataset\Speaker-4\Fear\F-4-4-1.wav,Fear,2.5,7.41,3.69
Speaker-4,F-4-4-2.wav,C:\Users\FAIZAN KHAZI\Desktop\ML Project\iesc\dataset\Speaker-4\Fear\F-4-4-2.wav,Fear,2.5,7.41,3.69
Speaker-4,F-5-4-1.wav,C:\Users\FAIZAN KHAZI\Desktop\ML Project\iesc\dataset\Speaker-4\Fear\F-5-4-1.wav,Fear,2.5,7.41,3.69
Speaker-4,F-5-4-2.wav,C:\Users\FAIZAN KHAZI\Desktop\ML Project\iesc\dataset\Speaker-4\Fear\F-5-4-2.wav,Fear,2.5,7.41,3.69
Speaker-4,H-1-4-1.wav,C:\Users\FAIZAN KHAZI\Desktop\ML Project\iesc\dataset\Speaker-4\Happy\H-1-4-1.wav,Happy,8.21,6.49,6.26
Speaker-4,H-1-4-2.wav,C:\Users\FAIZAN KHAZI\Desktop\ML Project\iesc\dataset\Speaker-4\Happy\H-1-4-2.wav,Happy,8.21,6.49,6.26
Speaker-4,H-2-4-1.wav,C:\Users\FAIZAN KHAZI\Desktop\ML Project\iesc\dataset\Speaker-4\Happy\H-2-4-1.wav,Happy,8.21,6.49,6.26
Speaker-4,H-2-4-2.wav,C:\Users\FAIZAN KHAZI\Desktop\ML Project\iesc\dataset\Speaker-4\Happy\H-2-4-2.wav,Happy,8.21,6.49,6.26
Speaker-4,H-3-4-1.wav,C:\Users\FAIZAN KHAZI\Desktop\ML Project\iesc\dataset\Speaker-4\Happy\H-3-4-1.wav,Happy,8.21,6.49,6.26
Speaker-4,H-3-4-2.wav,C:\Users\FAIZAN KHAZI\Desktop\ML Project\iesc\dataset\Speaker-4\Happy\H-3-4-2.wav,Happy,8.21,6.49,6.26
Speaker-4,H-4-4-1.wav,C:\Users\FAIZAN KHAZI\Desktop\ML Project\iesc\dataset\Speaker-4\Happy\H-4-4-1.wav,Happy,8.21,6.49,6.26
Speaker-4,H-4-4-2.wav,C:\Users\FAIZAN KHAZI\Desktop\ML Project\iesc\dataset\Speaker-4\Happy\H-4-4-2.wav,Happy,8.21,6.49,6.26
Speaker-4,H-5-4-1.wav,C:\Users\FAIZAN KHAZI\Desktop\ML Project\iesc\dataset\Speaker-4\Happy\H-5-4-1.wav,Happy,8.21,6.49,6.26
Speaker-4,H-5-4-2.wav,C:\Users\FAIZAN KHAZI\Desktop\ML Project\iesc\dataset\Speaker-4\Happy\H-5-4-2.wav,Happy,8.21,6.49,6.26
Speaker-4,N-1-4-1.wav,C:\Users\FAIZAN KHAZI\Desktop\ML Project\iesc\dataset\Speaker-4\Neutral\N-1-4-1.wav,Neutral,5.16,3.88,5.0
Speaker-4,N-1-4-2.wav,C:\Users\FAIZAN KHAZI\Desktop\ML Project\iesc\dataset\Speaker-4\Neutral\N-1-4-2.wav,Neutral,5.16,3.88,5.0
Speaker-4,N-2-4-1.wav,C:\Users\FAIZAN KHAZI\Desktop\ML Project\iesc\dataset\Speaker-4\Neutral\N-2-4-1.wav,Neutral,5.16,3.88,5.0
Speaker-4,N-2-4-2.wav,C:\Users\FAIZAN KHAZI\Desktop\ML Project\iesc\dataset\Speaker-4\Neutral\N-2-4-2.wav,Neutral,5.16,3.88,5.0
Speaker-4,N-3-4-1.wav,C:\Users\FAIZAN KHAZI\Desktop\ML Project\iesc\dataset\Speaker-4\Neutral\N-3-4-1.wav,Neutral,5.16,3.88,5.0
Speaker-4,N-3-4-2.wav,C:\Users\FAIZAN KHAZI\Desktop\ML Project\iesc\dataset\Speaker-4\Neutral\N-3-4-2.wav,Neutral,5.16,3.88,5.0
Speaker-4,N-4-4-1.wav,C:\Users\FAIZAN KHAZI\Desktop\ML Project\iesc\dataset\Speaker-4\Neutral\N-4-4-1.wav,Neutral,5.16,3.88,5.0
Speaker-4,N-4-4-2.wav,C:\Users\FAIZAN KHAZI\Desktop\ML Project\iesc\dataset\Speaker-4\Neutral\N-4-4-2.wav,Neutral,5.16,3.88,5.0
Speaker-4,N-5-4-1.wav,C:\Users\FAIZAN KHAZI\Desktop\ML Project\iesc\dataset\Speaker-4\Neutral\N-5-4-1.wav,Neutral,5.16,3.88,5.0
Speaker-4,N-5-4-2.wav,C:\Users\FAIZAN KHAZI\Desktop\ML Project\iesc\dataset\Speaker-4\Neutral\N-5-4-2.wav,Neutral,5.16,3.88,5.0
Speaker-4,S-1-4-1.wav,C:\Users\FAIZAN KHAZI\Desktop\ML Project\iesc\dataset\Speaker-4\Sad\S-1-4-1.wav,Sad,2.32,3.47,2.98
Speaker-4,S-1-4-2.wav,C:\Users\FAIZAN KHAZI\Desktop\ML Project\iesc\dataset\Speaker-4\Sad\S-1-4-2.wav,Sad,2.32,3.47,2.98
Speaker-4,S-2-4-1.wav,C:\Users\FAIZAN KHAZI\Desktop\ML Project\iesc\dataset\Speaker-4\Sad\S-2-4-1.wav,Sad,2.32,3.47,2.98
Speaker-4,S-2-4-2.wav,C:\Users\FAIZAN KHAZI\Desktop\ML Project\iesc\dataset\Speaker-4\Sad\S-2-4-2.wav,Sad,2.32,3.47,2.98
Speaker-4,S-3-4-1.wav,C:\Users\FAIZAN KHAZI\Desktop\ML Project\iesc\dataset\Speaker-4\Sad\S-3-4-1.wav,Sad,2.32,3.47,2.98
Speaker-4,S-3-4-2.wav,C:\Users\FAIZAN KHAZI\Desktop\ML Project\iesc\dataset\Speaker-4\Sad\S-3-4-2.wav,Sad,2.32,3.47,2.98
Speaker-4,S-4-4-1.wav,C:\Users\FAIZAN KHAZI\Desktop\ML Project\iesc\dataset\Speaker-4\Sad\S-4-4-1.wav,Sad,2.32,3.47,2.98
Speaker-4,S-4-4-2.wav,C:\Users\FAIZAN KHAZI\Desktop\ML Project\iesc\dataset\Speaker-4\Sad\S-4-4-2.wav,Sad,2.32,3.47,2.98
Speaker-4,S-5-4-1.wav,C:\Users\FAIZAN KHAZI\Desktop\ML Project\iesc\dataset\Speaker-4\Sad\S-5-4-1.wav,Sad,2.32,3.47,2.98
Speaker-4,S-5-4-2.wav,C:\Users\FAIZAN KHAZI\Desktop\ML Project\iesc\dataset\Speaker-4\Sad\S-5-4-2.wav,Sad,2.32,3.47,2.98
Speaker-5,A-1-5-1.wav,C:\Users\FAIZAN KHAZI\Desktop\ML Project\iesc\dataset\Speaker-5\Anger\A-1-5-1.wav,Anger,2.98,7.02,6.38
Speaker-5,A-1-5-2.wav,C:\Users\FAIZAN KHAZI\Desktop\ML Project\iesc\dataset\Speaker-5\Anger\A-1-5-2.wav,Anger,2.98,7.02,6.38
Speaker-5,A-10-5-1.wav,C:\Users\FAIZAN KHAZI\Desktop\ML Project\iesc\dataset\Speaker-5\Anger\A-10-5-1.wav,Anger,2.98,7.02,6.38
Speaker-5,A-10-5-2.wav,C:\Users\FAIZAN KHAZI\Desktop\ML Project\iesc\dataset\Speaker-5\Anger\A-10-5-2.wav,Anger,2.98,7.02,6.38
Speaker-5,A-2-5-1.wav,C:\Users\FAIZAN KHAZI\Desktop\ML Project\iesc\dataset\Speaker-5\Anger\A-2-5-1.wav,Anger,2.98,7.02,6.38
Speaker-5,A-2-5-2.wav,C:\Users\FAIZAN KHAZI\Desktop\ML Project\iesc\dataset\Speaker-5\Anger\A-2-5-2.wav,Anger,2.98,7.02,6.38
Speaker-5,A-3-5-1.wav,C:\Users\FAIZAN KHAZI\Desktop\ML Project\iesc\dataset\Speaker-5\Anger\A-3-5-1.wav,Anger,2.98,7.02,6.38
Speaker-5,A-3-5-2.wav,C:\Users\FAIZAN KHAZI\Desktop\ML Project\iesc\dataset\Speaker-5\Anger\A-3-5-2.wav,Anger,2.98,7.02,6.38
Speaker-5,A-4-5-1.wav,C:\Users\FAIZAN KHAZI\Desktop\ML Project\iesc\dataset\Speaker-5\Anger\A-4-5-1.wav,Anger,2.98,7.02,6.38
Speaker-5,A-4-5-2.wav,C:\Users\FAIZAN KHAZI\Desktop\ML Project\iesc\dataset\Speaker-5\Anger\A-4-5-2.wav,Anger,2.98,7.02,6.38
Speaker-5,A-5-5-1.wav,C:\Users\FAIZAN KHAZI\Desktop\ML Project\iesc\dataset\Speaker-5\Anger\A-5-5-1.wav,Anger,2.98,7.02,6.38
Speaker-5,A-5-5-2.wav,C:\Users\FAIZAN KHAZI\Desktop\ML Project\iesc\dataset\Speaker-5\Anger\A-5-5-2.wav,Anger,2.98,7.02,6.38
Speaker-5,A-6-5-1.wav,C:\Users\FAIZAN KHAZI\Desktop\ML Project\iesc\dataset\Speaker-5\Anger\A-6-5-1.wav,Anger,2.98,7.02,6.38
Speaker-5,A-6-5-2.wav,C:\Users\FAIZAN KHAZI\Desktop\ML Project\iesc\dataset\Speaker-5\Anger\A-6-5-2.wav,Anger,2.98,7.02,6.38
Speaker-5,A-7-5-1.wav,C:\Users\FAIZAN KHAZI\Desktop\ML Project\iesc\dataset\Speaker-5\Anger\A-7-5-1.wav,Anger,2.98,7.02,6.38
Speaker-5,A-7-5-2.wav,C:\Users\FAIZAN KHAZI\Desktop\ML Project\iesc\dataset\Speaker-5\Anger\A-7-5-2.wav,Anger,2.98,7.02,6.38
Speaker-5,A-8-5-1.wav,C:\Users\FAIZAN KHAZI\Desktop\ML Project\iesc\dataset\Speaker-5\Anger\A-8-5-1.wav,Anger,2.98,7.02,6.38
Speaker-5,A-8-5-2.wav,C:\Users\FAIZAN KHAZI\Desktop\ML Project\iesc\dataset\Speaker-5\Anger\A-8-5-2.wav,Anger,2.98,7.02,6.38
Speaker-5,A-9-5-1.wav,C:\Users\FAIZAN KHAZI\Desktop\ML Project\iesc\dataset\Speaker-5\Anger\A-9-5-1.wav,Anger,2.98,7.02,6.38
Speaker-5,A-9-5-2.wav,C:\Users\FAIZAN KHAZI\Desktop\ML Project\iesc\dataset\Speaker-5\Anger\A-9-5-2.wav,Anger,2.98,7.02,6.38
Speaker-5,F-1-5-1.wav,C:\Users\FAIZAN KHAZI\Desktop\ML Project\iesc\dataset\Speaker-5\Fear\F-1-5-1.wav,Fear,2.5,7.41,3.69
Speaker-5,F-1-5-2.wav,C:\Users\FAIZAN KHAZI\Desktop\ML Project\iesc\dataset\Speaker-5\Fear\F-1-5-2.wav,Fear,2.5,7.41,3.69
Speaker-5,F-10-5-1.wav,C:\Users\FAIZAN KHAZI\Desktop\ML Project\iesc\dataset\Speaker-5\Fear\F-10-5-1.wav,Fear,2.5,7.41,3.69
Speaker-5,F-10-5-2.wav,C:\Users\FAIZAN KHAZI\Desktop\ML Project\iesc\dataset\Speaker-5\Fear\F-10-5-2.wav,Fear,2.5,7.41,3.69
Speaker-5,F-2-5-1.wav,C:\Users\FAIZAN KHAZI\Desktop\ML Project\iesc\dataset\Speaker-5\Fear\F-2-5-1.wav,Fear,2.5,7.41,3.69
Speaker-5,F-2-5-2.wav,C:\Users\FAIZAN KHAZI\Desktop\ML Project\iesc\dataset\Speaker-5\Fear\F-2-5-2.wav,Fear,2.5,7.41,3.69
Speaker-5,F-3-5-1.wav,C:\Users\FAIZAN KHAZI\Desktop\ML Project\iesc\dataset\Speaker-5\Fear\F-3-5-1.wav,Fear,2.5,7.41,3.69
Speaker-5,F-3-5-2.wav,C:\Users\FAIZAN KHAZI\Desktop\ML Project\iesc\dataset\Speaker-5\Fear\F-3-5-2.wav,Fear,2.5,7.41,3.69
Speaker-5,F-4-5-1.wav,C:\Users\FAIZAN KHAZI\Desktop\ML Project\iesc\dataset\Speaker-5\Fear\F-4-5-1.wav,Fear,2.5,7.41,3.69
Speaker-5,F-4-5-2.wav,C:\Users\FAIZAN KHAZI\Desktop\ML Project\iesc\dataset\Speaker-5\Fear\F-4-5-2.wav,Fear,2.5,7.41,3.69
Speaker-5,F-5-5-1.wav,C:\Users\FAIZAN KHAZI\Desktop\ML Project\iesc\dataset\Speaker-5\Fear\F-5-5-1.wav,Fear,2.5,7.41,3.69
Speaker-5,F-5-5-2.wav,C:\Users\FAIZAN KHAZI\Desktop\ML Project\iesc\dataset\Speaker-5\Fear\F-5-5-2.wav,Fear,2.5,7.41,3.69
Speaker-5,F-6-5-1.wav,C:\Users\FAIZAN KHAZI\Desktop\ML Project\iesc\dataset\Speaker-5\Fear\F-6-5-1.wav,Fear,2.5,7.41,3.69
Speaker-5,F-6-5-2.wav,C:\Users\FAIZAN KHAZI\Desktop\ML Project\iesc\dataset\Speaker-5\Fear\F-6-5-2.wav,Fear,2.5,7.41,3.69
Speaker-5,F-7-5-1.wav,C:\Users\FAIZAN KHAZI\Desktop\ML Project\iesc\dataset\Speaker-5\Fear\F-7-5-1.wav,Fear,2.5,7.41,3.69
Speaker-5,F-7-5-2.wav,C:\Users\FAIZAN KHAZI\Desktop\ML Project\iesc\dataset\Speaker-5\Fear\F-7-5-2.wav,Fear,2.5,7.41,3.69
Speaker-5,F-8-5-1.wav,C:\Users\FAIZAN KHAZI\Desktop\ML Project\iesc\dataset\Speaker-5\Fear\F-8-5-1.wav,Fear,2.5,7.41,3.69
Speaker-5,F-8-5-2.wav,C:\Users\FAIZAN KHAZI\Desktop\ML Project\iesc\dataset\Speaker-5\Fear\F-8-5-2.wav,Fear,2.5,7.41,3.69
Speaker-5,F-9-5-1.wav,C:\Users\FAIZAN KHAZI\Desktop\ML Project\iesc\dataset\Speaker-5\Fear\F-9-5-1.wav,Fear,2.5,7.41,3.69
Speaker-5,F-9-5-2.wav,C:\Users\FAIZAN KHAZI\Desktop\ML Project\iesc\dataset\Speaker-5\Fear\F-9-5-2.wav,Fear,2.5,7.41,3.69
Speaker-5,H-1-5-1.wav,C:\Users\FAIZAN KHAZI\Desktop\ML Project\iesc\dataset\Speaker-5\Happy\H-1-5-1.wav,Happy,8.21,6.49,6.26
Speaker-5,H-1-5-2.wav,C:\Users\FAIZAN KHAZI\Desktop\ML Project\iesc\dataset\Speaker-5\Happy\H-1-5-2.wav,Happy,8.21,6.49,6.26
Speaker-5,H-10-5-1.wav,C:\Users\FAIZAN KHAZI\Desktop\ML Project\iesc\dataset\Speaker-5\Happy\H-10-5-1.wav,Happy,8.21,6.49,6.26
Speaker-5,H-10-5-2.wav,C:\Users\FAIZAN KHAZI\Desktop\ML Project\iesc\dataset\Speaker-5\Happy\H-10-5-2.wav,Happy,8.21,6.49,6.26
Speaker-5,H-2-5-1.wav,C:\Users\FAIZAN KHAZI\Desktop\ML Project\iesc\dataset\Speaker-5\Happy\H-2-5-1.wav,Happy,8.21,6.49,6.26
Speaker-5,H-2-5-2.wav,C:\Users\FAIZAN KHAZI\Desktop\ML Project\iesc\dataset\Speaker-5\Happy\H-2-5-2.wav,Happy,8.21,6.49,6.26
Speaker-5,H-3-5-1.wav,C:\Users\FAIZAN KHAZI\Desktop\ML Project\iesc\dataset\Speaker-5\Happy\H-3-5-1.wav,Happy,8.21,6.49,6.26
Speaker-5,H-3-5-2.wav,C:\Users\FAIZAN KHAZI\Desktop\ML Project\iesc\dataset\Speaker-5\Happy\H-3-5-2.wav,Happy,8.21,6.49,6.26
Speaker-5,H-4-5-1.wav,C:\Users\FAIZAN KHAZI\Desktop\ML Project\iesc\dataset\Speaker-5\Happy\H-4-5-1.wav,Happy,8.21,6.49,6.26
Speaker-5,H-4-5-2.wav,C:\Users\FAIZAN KHAZI\Desktop\ML Project\iesc\dataset\Speaker-5\Happy\H-4-5-2.wav,Happy,8.21,6.49,6.26
Speaker-5,H-5-5-1.wav,C:\Users\FAIZAN KHAZI\Desktop\ML Project\iesc\dataset\Speaker-5\Happy\H-5-5-1.wav,Happy,8.21,6.49,6.26
Speaker-5,H-5-5-2.wav,C:\Users\FAIZAN KHAZI\Desktop\ML Project\iesc\dataset\Speaker-5\Happy\H-5-5-2.wav,Happy,8.21,6.49,6.26
Speaker-5,H-6-5-1.wav,C:\Users\FAIZAN KHAZI\Desktop\ML Project\iesc\dataset\Speaker-5\Happy\H-6-5-1.wav,Happy,8.21,6.49,6.26
Speaker-5,H-6-5-2.wav,C:\Users\FAIZAN KHAZI\Desktop\ML Project\iesc\dataset\Speaker-5\Happy\H-6-5-2.wav,Happy,8.21,6.49,6.26
Speaker-5,H-7-5-1.wav,C:\Users\FAIZAN KHAZI\Desktop\ML Project\iesc\dataset\Speaker-5\Happy\H-7-5-1.wav,Happy,8.21,6.49,6.26
Speaker-5,H-7-5-2.wav,C:\Users\FAIZAN KHAZI\Desktop\ML Project\iesc\dataset\Speaker-5\Happy\H-7-5-2.wav,Happy,8.21,6.49,6.26
Speaker-5,H-8-5-1.wav,C:\Users\FAIZAN KHAZI\Desktop\ML Project\iesc\dataset\Speaker-5\Happy\H-8-5-1.wav,Happy,8.21,6.49,6.26
Speaker-5,H-8-5-2.wav,C:\Users\FAIZAN KHAZI\Desktop\ML Project\iesc\dataset\Speaker-5\Happy\H-8-5-2.wav,Happy,8.21,6.49,6.26
Speaker-5,H-9-5-1.wav,C:\Users\FAIZAN KHAZI\Desktop\ML Project\iesc\dataset\Speaker-5\Happy\H-9-5-1.wav,Happy,8.21,6.49,6.26
Speaker-5,H-9-5-2.wav,C:\Users\FAIZAN KHAZI\Desktop\ML Project\iesc\dataset\Speaker-5\Happy\H-9-5-2.wav,Happy,8.21,6.49,6.26
Speaker-5,N-1-5-1.wav,C:\Users\FAIZAN KHAZI\Desktop\ML Project\iesc\dataset\Speaker-5\Neutral\N-1-5-1.wav,Neutral,5.16,3.88,5.0
Speaker-5,N-1-5-2.wav,C:\Users\FAIZAN KHAZI\Desktop\ML Project\iesc\dataset\Speaker-5\Neutral\N-1-5-2.wav,Neutral,5.16,3.88,5.0
Speaker-5,N-10-5-1.wav,C:\Users\FAIZAN KHAZI\Desktop\ML Project\iesc\dataset\Speaker-5\Neutral\N-10-5-1.wav,Neutral,5.16,3.88,5.0
Speaker-5,N-10-5-2.wav,C:\Users\FAIZAN KHAZI\Desktop\ML Project\iesc\dataset\Speaker-5\Neutral\N-10-5-2.wav,Neutral,5.16,3.88,5.0
Speaker-5,N-2-5-1.wav,C:\Users\FAIZAN KHAZI\Desktop\ML Project\iesc\dataset\Speaker-5\Neutral\N-2-5-1.wav,Neutral,5.16,3.88,5.0
Speaker-5,N-2-5-2.wav,C:\Users\FAIZAN KHAZI\Desktop\ML Project\iesc\dataset\Speaker-5\Neutral\N-2-5-2.wav,Neutral,5.16,3.88,5.0
Speaker-5,N-3-5-1.wav,C:\Users\FAIZAN KHAZI\Desktop\ML Project\iesc\dataset\Speaker-5\Neutral\N-3-5-1.wav,Neutral,5.16,3.88,5.0
Speaker-5,N-3-5-2.wav,C:\Users\FAIZAN KHAZI\Desktop\ML Project\iesc\dataset\Speaker-5\Neutral\N-3-5-2.wav,Neutral,5.16,3.88,5.0
Speaker-5,N-4-5-1.wav,C:\Users\FAIZAN KHAZI\Desktop\ML Project\iesc\dataset\Speaker-5\Neutral\N-4-5-1.wav,Neutral,5.16,3.88,5.0
Speaker-5,N-4-5-2.wav,C:\Users\FAIZAN KHAZI\Desktop\ML Project\iesc\dataset\Speaker-5\Neutral\N-4-5-2.wav,Neutral,5.16,3.88,5.0
Speaker-5,N-5-5-1.wav,C:\Users\FAIZAN KHAZI\Desktop\ML Project\iesc\dataset\Speaker-5\Neutral\N-5-5-1.wav,Neutral,5.16,3.88,5.0
Speaker-5,N-5-5-2.wav,C:\Users\FAIZAN KHAZI\Desktop\ML Project\iesc\dataset\Speaker-5\Neutral\N-5-5-2.wav,Neutral,5.16,3.88,5.0
Speaker-5,N-6-5-1.wav,C:\Users\FAIZAN KHAZI\Desktop\ML Project\iesc\dataset\Speaker-5\Neutral\N-6-5-1.wav,Neutral,5.16,3.88,5.0
Speaker-5,N-6-5-2.wav,C:\Users\FAIZAN KHAZI\Desktop\ML Project\iesc\dataset\Speaker-5\Neutral\N-6-5-2.wav,Neutral,5.16,3.88,5.0
Speaker-5,N-7-5-1.wav,C:\Users\FAIZAN KHAZI\Desktop\ML Project\iesc\dataset\Speaker-5\Neutral\N-7-5-1.wav,Neutral,5.16,3.88,5.0
Speaker-5,N-7-5-2.wav,C:\Users\FAIZAN KHAZI\Desktop\ML Project\iesc\dataset\Speaker-5\Neutral\N-7-5-2.wav,Neutral,5.16,3.88,5.0
Speaker-5,N-8-5-1.wav,C:\Users\FAIZAN KHAZI\Desktop\ML Project\iesc\dataset\Speaker-5\Neutral\N-8-5-1.wav,Neutral,5.16,3.88,5.0
Speaker-5,N-8-5-2.wav,C:\Users\FAIZAN KHAZI\Desktop\ML Project\iesc\dataset\Speaker-5\Neutral\N-8-5-2.wav,Neutral,5.16,3.88,5.0
Speaker-5,N-9-5-1.wav,C:\Users\FAIZAN KHAZI\Desktop\ML Project\iesc\dataset\Speaker-5\Neutral\N-9-5-1.wav,Neutral,5.16,3.88,5.0
Speaker-5,N-9-5-2.wav,C:\Users\FAIZAN KHAZI\Desktop\ML Project\iesc\dataset\Speaker-5\Neutral\N-9-5-2.wav,Neutral,5.16,3.88,5.0
Speaker-5,S-1-5-1.wav,C:\Users\FAIZAN KHAZI\Desktop\ML Project\iesc\dataset\Speaker-5\Sad\S-1-5-1.wav,Sad,2.32,3.47,2.98
Speaker-5,S-1-5-2.wav,C:\Users\FAIZAN KHAZI\Desktop\ML Project\iesc\dataset\Speaker-5\Sad\S-1-5-2.wav,Sad,2.32,3.47,2.98
Speaker-5,S-10-5-1.wav,C:\Users\FAIZAN KHAZI\Desktop\ML Project\iesc\dataset\Speaker-5\Sad\S-10-5-1.wav,Sad,2.32,3.47,2.98
Speaker-5,S-10-5-2.wav,C:\Users\FAIZAN KHAZI\Desktop\ML Project\iesc\dataset\Speaker-5\Sad\S-10-5-2.wav,Sad,2.32,3.47,2.98
Speaker-5,S-2-5-1.wav,C:\Users\FAIZAN KHAZI\Desktop\ML Project\iesc\dataset\Speaker-5\Sad\S-2-5-1.wav,Sad,2.32,3.47,2.98
Speaker-5,S-2-5-2.wav,C:\Users\FAIZAN KHAZI\Desktop\ML Project\iesc\dataset\Speaker-5\Sad\S-2-5-2.wav,Sad,2.32,3.47,2.98
Speaker-5,S-3-5-1.wav,C:\Users\FAIZAN KHAZI\Desktop\ML Project\iesc\dataset\Speaker-5\Sad\S-3-5-1.wav,Sad,2.32,3.47,2.98
Speaker-5,S-3-5-2.wav,C:\Users\FAIZAN KHAZI\Desktop\ML Project\iesc\dataset\Speaker-5\Sad\S-3-5-2.wav,Sad,2.32,3.47,2.98
Speaker-5,S-4-5-1.wav,C:\Users\FAIZAN KHAZI\Desktop\ML Project\iesc\dataset\Speaker-5\Sad\S-4-5-1.wav,Sad,2.32,3.47,2.98
Speaker-5,S-4-5-2.wav,C:\Users\FAIZAN KHAZI\Desktop\ML Project\iesc\dataset\Speaker-5\Sad\S-4-5-2.wav,Sad,2.32,3.47,2.98
Speaker-5,S-5-5-1.wav,C:\Users\FAIZAN KHAZI\Desktop\ML Project\iesc\dataset\Speaker-5\Sad\S-5-5-1.wav,Sad,2.32,3.47,2.98
Speaker-5,S-5-5-2.wav,C:\Users\FAIZAN KHAZI\Desktop\ML Project\iesc\dataset\Speaker-5\Sad\S-5-5-2.wav,Sad,2.32,3.47,2.98
Speaker-5,S-6-5-1.wav,C:\Users\FAIZAN KHAZI\Desktop\ML Project\iesc\dataset\Speaker-5\Sad\S-6-5-1.wav,Sad,2.32,3.47,2.98
Speaker-5,S-6-5-2.wav,C:\Users\FAIZAN KHAZI\Desktop\ML Project\iesc\dataset\Speaker-5\Sad\S-6-5-2.wav,Sad,2.32,3.47,2.98
Speaker-5,S-7-5-1.wav,C:\Users\FAIZAN KHAZI\Desktop\ML Project\iesc\dataset\Speaker-5\Sad\S-7-5-1.wav,Sad,2.32,3.47,2.98
Speaker-5,S-7-5-2.wav,C:\Users\FAIZAN KHAZI\Desktop\ML Project\iesc\dataset\Speaker-5\Sad\S-7-5-2.wav,Sad,2.32,3.47,2.98
Speaker-5,S-8-5-1.wav,C:\Users\FAIZAN KHAZI\Desktop\ML Project\iesc\dataset\Speaker-5\Sad\S-8-5-1.wav,Sad,2.32,3.47,2.98
Speaker-5,S-8-5-2.wav,C:\Users\FAIZAN KHAZI\Desktop\ML Project\iesc\dataset\Speaker-5\Sad\S-8-5-2.wav,Sad,2.32,3.47,2.98
Speaker-5,S-9-5-1.wav,C:\Users\FAIZAN KHAZI\Desktop\ML Project\iesc\dataset\Speaker-5\Sad\S-9-5-1.wav,Sad,2.32,3.47,2.98
Speaker-5,S-9-5-2.wav,C:\Users\FAIZAN KHAZI\Desktop\ML Project\iesc\dataset\Speaker-5\Sad\S-9-5-2.wav,Sad,2.32,3.47,2.98
Speaker-6,A-1-6-1.wav,C:\Users\FAIZAN KHAZI\Desktop\ML Project\iesc\dataset\Speaker-6\Anger\A-1-6-1.wav,Anger,2.98,7.02,6.38
Speaker-6,A-1-6-2.wav,C:\Users\FAIZAN KHAZI\Desktop\ML Project\iesc\dataset\Speaker-6\Anger\A-1-6-2.wav,Anger,2.98,7.02,6.38
Speaker-6,A-10-6-1.wav,C:\Users\FAIZAN KHAZI\Desktop\ML Project\iesc\dataset\Speaker-6\Anger\A-10-6-1.wav,Anger,2.98,7.02,6.38
Speaker-6,A-10-6-2.wav,C:\Users\FAIZAN KHAZI\Desktop\ML Project\iesc\dataset\Speaker-6\Anger\A-10-6-2.wav,Anger,2.98,7.02,6.38
Speaker-6,A-2-6-1.wav,C:\Users\FAIZAN KHAZI\Desktop\ML Project\iesc\dataset\Speaker-6\Anger\A-2-6-1.wav,Anger,2.98,7.02,6.38
Speaker-6,A-2-6-2.wav,C:\Users\FAIZAN KHAZI\Desktop\ML Project\iesc\dataset\Speaker-6\Anger\A-2-6-2.wav,Anger,2.98,7.02,6.38
Speaker-6,A-3-6-1.wav,C:\Users\FAIZAN KHAZI\Desktop\ML Project\iesc\dataset\Speaker-6\Anger\A-3-6-1.wav,Anger,2.98,7.02,6.38
Speaker-6,A-3-6-2.wav,C:\Users\FAIZAN KHAZI\Desktop\ML Project\iesc\dataset\Speaker-6\Anger\A-3-6-2.wav,Anger,2.98,7.02,6.38
Speaker-6,A-4-6-1.wav,C:\Users\FAIZAN KHAZI\Desktop\ML Project\iesc\dataset\Speaker-6\Anger\A-4-6-1.wav,Anger,2.98,7.02,6.38
Speaker-6,A-4-6-2.wav,C:\Users\FAIZAN KHAZI\Desktop\ML Project\iesc\dataset\Speaker-6\Anger\A-4-6-2.wav,Anger,2.98,7.02,6.38
Speaker-6,A-5-6-1.wav,C:\Users\FAIZAN KHAZI\Desktop\ML Project\iesc\dataset\Speaker-6\Anger\A-5-6-1.wav,Anger,2.98,7.02,6.38
Speaker-6,A-5-6-2.wav,C:\Users\FAIZAN KHAZI\Desktop\ML Project\iesc\dataset\Speaker-6\Anger\A-5-6-2.wav,Anger,2.98,7.02,6.38
Speaker-6,A-6-6-1.wav,C:\Users\FAIZAN KHAZI\Desktop\ML Project\iesc\dataset\Speaker-6\Anger\A-6-6-1.wav,Anger,2.98,7.02,6.38
Speaker-6,A-6-6-2.wav,C:\Users\FAIZAN KHAZI\Desktop\ML Project\iesc\dataset\Speaker-6\Anger\A-6-6-2.wav,Anger,2.98,7.02,6.38
Speaker-6,A-7-6-1.wav,C:\Users\FAIZAN KHAZI\Desktop\ML Project\iesc\dataset\Speaker-6\Anger\A-7-6-1.wav,Anger,2.98,7.02,6.38
Speaker-6,A-7-6-2.wav,C:\Users\FAIZAN KHAZI\Desktop\ML Project\iesc\dataset\Speaker-6\Anger\A-7-6-2.wav,Anger,2.98,7.02,6.38
Speaker-6,A-8-6-1.wav,C:\Users\FAIZAN KHAZI\Desktop\ML Project\iesc\dataset\Speaker-6\Anger\A-8-6-1.wav,Anger,2.98,7.02,6.38
Speaker-6,A-8-6-2.wav,C:\Users\FAIZAN KHAZI\Desktop\ML Project\iesc\dataset\Speaker-6\Anger\A-8-6-2.wav,Anger,2.98,7.02,6.38
Speaker-6,A-9-6-1.wav,C:\Users\FAIZAN KHAZI\Desktop\ML Project\iesc\dataset\Speaker-6\Anger\A-9-6-1.wav,Anger,2.98,7.02,6.38
Speaker-6,A-9-6-2.wav,C:\Users\FAIZAN KHAZI\Desktop\ML Project\iesc\dataset\Speaker-6\Anger\A-9-6-2.wav,Anger,2.98,7.02,6.38
Speaker-6,F-1-6-1.wav,C:\Users\FAIZAN KHAZI\Desktop\ML Project\iesc\dataset\Speaker-6\Fear\F-1-6-1.wav,Fear,2.5,7.41,3.69
Speaker-6,F-1-6-2.wav,C:\Users\FAIZAN KHAZI\Desktop\ML Project\iesc\dataset\Speaker-6\Fear\F-1-6-2.wav,Fear,2.5,7.41,3.69
Speaker-6,F-10-6-1.wav,C:\Users\FAIZAN KHAZI\Desktop\ML Project\iesc\dataset\Speaker-6\Fear\F-10-6-1.wav,Fear,2.5,7.41,3.69
Speaker-6,F-10-6-2.wav,C:\Users\FAIZAN KHAZI\Desktop\ML Project\iesc\dataset\Speaker-6\Fear\F-10-6-2.wav,Fear,2.5,7.41,3.69
Speaker-6,F-2-6-1.wav,C:\Users\FAIZAN KHAZI\Desktop\ML Project\iesc\dataset\Speaker-6\Fear\F-2-6-1.wav,Fear,2.5,7.41,3.69
Speaker-6,F-2-6-2.wav,C:\Users\FAIZAN KHAZI\Desktop\ML Project\iesc\dataset\Speaker-6\Fear\F-2-6-2.wav,Fear,2.5,7.41,3.69
Speaker-6,F-3-6-1.wav,C:\Users\FAIZAN KHAZI\Desktop\ML Project\iesc\dataset\Speaker-6\Fear\F-3-6-1.wav,Fear,2.5,7.41,3.69
Speaker-6,F-3-6-2.wav,C:\Users\FAIZAN KHAZI\Desktop\ML Project\iesc\dataset\Speaker-6\Fear\F-3-6-2.wav,Fear,2.5,7.41,3.69
Speaker-6,F-4-6-1.wav,C:\Users\FAIZAN KHAZI\Desktop\ML Project\iesc\dataset\Speaker-6\Fear\F-4-6-1.wav,Fear,2.5,7.41,3.69
Speaker-6,F-4-6-2.wav,C:\Users\FAIZAN KHAZI\Desktop\ML Project\iesc\dataset\Speaker-6\Fear\F-4-6-2.wav,Fear,2.5,7.41,3.69
Speaker-6,F-5-6-1.wav,C:\Users\FAIZAN KHAZI\Desktop\ML Project\iesc\dataset\Speaker-6\Fear\F-5-6-1.wav,Fear,2.5,7.41,3.69
Speaker-6,F-5-6-2.wav,C:\Users\FAIZAN KHAZI\Desktop\ML Project\iesc\dataset\Speaker-6\Fear\F-5-6-2.wav,Fear,2.5,7.41,3.69
Speaker-6,F-6-6-1.wav,C:\Users\FAIZAN KHAZI\Desktop\ML Project\iesc\dataset\Speaker-6\Fear\F-6-6-1.wav,Fear,2.5,7.41,3.69
Speaker-6,F-6-6-2.wav,C:\Users\FAIZAN KHAZI\Desktop\ML Project\iesc\dataset\Speaker-6\Fear\F-6-6-2.wav,Fear,2.5,7.41,3.69
Speaker-6,F-7-6-1.wav,C:\Users\FAIZAN KHAZI\Desktop\ML Project\iesc\dataset\Speaker-6\Fear\F-7-6-1.wav,Fear,2.5,7.41,3.69
Speaker-6,F-7-6-2.wav,C:\Users\FAIZAN KHAZI\Desktop\ML Project\iesc\dataset\Speaker-6\Fear\F-7-6-2.wav,Fear,2.5,7.41,3.69
Speaker-6,F-8-6-1.wav,C:\Users\FAIZAN KHAZI\Desktop\ML Project\iesc\dataset\Speaker-6\Fear\F-8-6-1.wav,Fear,2.5,7.41,3.69
Speaker-6,F-8-6-2.wav,C:\Users\FAIZAN KHAZI\Desktop\ML Project\iesc\dataset\Speaker-6\Fear\F-8-6-2.wav,Fear,2.5,7.41,3.69
Speaker-6,F-9-6-1.wav,C:\Users\FAIZAN KHAZI\Desktop\ML Project\iesc\dataset\Speaker-6\Fear\F-9-6-1.wav,Fear,2.5,7.41,3.69
Speaker-6,F-9-6-2.wav,C:\Users\FAIZAN KHAZI\Desktop\ML Project\iesc\dataset\Speaker-6\Fear\F-9-6-2.wav,Fear,2.5,7.41,3.69
Speaker-6,H-1-6-1.wav,C:\Users\FAIZAN KHAZI\Desktop\ML Project\iesc\dataset\Speaker-6\Happy\H-1-6-1.wav,Happy,8.21,6.49,6.26
Speaker-6,H-1-6-2.wav,C:\Users\FAIZAN KHAZI\Desktop\ML Project\iesc\dataset\Speaker-6\Happy\H-1-6-2.wav,Happy,8.21,6.49,6.26
Speaker-6,H-10-6-1.wav,C:\Users\FAIZAN KHAZI\Desktop\ML Project\iesc\dataset\Speaker-6\Happy\H-10-6-1.wav,Happy,8.21,6.49,6.26
Speaker-6,H-10-6-2.wav,C:\Users\FAIZAN KHAZI\Desktop\ML Project\iesc\dataset\Speaker-6\Happy\H-10-6-2.wav,Happy,8.21,6.49,6.26
Speaker-6,H-2-6-1.wav,C:\Users\FAIZAN KHAZI\Desktop\ML Project\iesc\dataset\Speaker-6\Happy\H-2-6-1.wav,Happy,8.21,6.49,6.26
Speaker-6,H-2-6-2.wav,C:\Users\FAIZAN KHAZI\Desktop\ML Project\iesc\dataset\Speaker-6\Happy\H-2-6-2.wav,Happy,8.21,6.49,6.26
Speaker-6,H-3-6-1.wav,C:\Users\FAIZAN KHAZI\Desktop\ML Project\iesc\dataset\Speaker-6\Happy\H-3-6-1.wav,Happy,8.21,6.49,6.26
Speaker-6,H-3-6-2.wav,C:\Users\FAIZAN KHAZI\Desktop\ML Project\iesc\dataset\Speaker-6\Happy\H-3-6-2.wav,Happy,8.21,6.49,6.26
Speaker-6,H-4-6-1.wav,C:\Users\FAIZAN KHAZI\Desktop\ML Project\iesc\dataset\Speaker-6\Happy\H-4-6-1.wav,Happy,8.21,6.49,6.26
Speaker-6,H-4-6-2.wav,C:\Users\FAIZAN KHAZI\Desktop\ML Project\iesc\dataset\Speaker-6\Happy\H-4-6-2.wav,Happy,8.21,6.49,6.26
Speaker-6,H-5-6-1.wav,C:\Users\FAIZAN KHAZI\Desktop\ML Project\iesc\dataset\Speaker-6\Happy\H-5-6-1.wav,Happy,8.21,6.49,6.26
Speaker-6,H-5-6-2.wav,C:\Users\FAIZAN KHAZI\Desktop\ML Project\iesc\dataset\Speaker-6\Happy\H-5-6-2.wav,Happy,8.21,6.49,6.26
Speaker-6,H-6-6-1.wav,C:\Users\FAIZAN KHAZI\Desktop\ML Project\iesc\dataset\Speaker-6\Happy\H-6-6-1.wav,Happy,8.21,6.49,6.26
Speaker-6,H-6-6-2.wav,C:\Users\FAIZAN KHAZI\Desktop\ML Project\iesc\dataset\Speaker-6\Happy\H-6-6-2.wav,Happy,8.21,6.49,6.26
Speaker-6,H-7-6-1.wav,C:\Users\FAIZAN KHAZI\Desktop\ML Project\iesc\dataset\Speaker-6\Happy\H-7-6-1.wav,Happy,8.21,6.49,6.26
Speaker-6,H-7-6-2.wav,C:\Users\FAIZAN KHAZI\Desktop\ML Project\iesc\dataset\Speaker-6\Happy\H-7-6-2.wav,Happy,8.21,6.49,6.26
Speaker-6,H-8-6-1.wav,C:\Users\FAIZAN KHAZI\Desktop\ML Project\iesc\dataset\Speaker-6\Happy\H-8-6-1.wav,Happy,8.21,6.49,6.26
Speaker-6,H-8-6-2.wav,C:\Users\FAIZAN KHAZI\Desktop\ML Project\iesc\dataset\Speaker-6\Happy\H-8-6-2.wav,Happy,8.21,6.49,6.26
Speaker-6,H-9-6-1.wav,C:\Users\FAIZAN KHAZI\Desktop\ML Project\iesc\dataset\Speaker-6\Happy\H-9-6-1.wav,Happy,8.21,6.49,6.26
Speaker-6,H-9-6-2.wav,C:\Users\FAIZAN KHAZI\Desktop\ML Project\iesc\dataset\Speaker-6\Happy\H-9-6-2.wav,Happy,8.21,6.49,6.26
Speaker-6,N-1-6-1.wav,C:\Users\FAIZAN KHAZI\Desktop\ML Project\iesc\dataset\Speaker-6\Neutral\N-1-6-1.wav,Neutral,5.16,3.88,5.0
Speaker-6,N-1-6-2.wav,C:\Users\FAIZAN KHAZI\Desktop\ML Project\iesc\dataset\Speaker-6\Neutral\N-1-6-2.wav,Neutral,5.16,3.88,5.0
Speaker-6,N-10-6-1.wav,C:\Users\FAIZAN KHAZI\Desktop\ML Project\iesc\dataset\Speaker-6\Neutral\N-10-6-1.wav,Neutral,5.16,3.88,5.0
Speaker-6,N-10-6-2.wav,C:\Users\FAIZAN KHAZI\Desktop\ML Project\iesc\dataset\Speaker-6\Neutral\N-10-6-2.wav,Neutral,5.16,3.88,5.0
Speaker-6,N-2-6-1.wav,C:\Users\FAIZAN KHAZI\Desktop\ML Project\iesc\dataset\Speaker-6\Neutral\N-2-6-1.wav,Neutral,5.16,3.88,5.0
Speaker-6,N-2-6-2.wav,C:\Users\FAIZAN KHAZI\Desktop\ML Project\iesc\dataset\Speaker-6\Neutral\N-2-6-2.wav,Neutral,5.16,3.88,5.0
Speaker-6,N-3-6-1.wav,C:\Users\FAIZAN KHAZI\Desktop\ML Project\iesc\dataset\Speaker-6\Neutral\N-3-6-1.wav,Neutral,5.16,3.88,5.0
Speaker-6,N-3-6-2.wav,C:\Users\FAIZAN KHAZI\Desktop\ML Project\iesc\dataset\Speaker-6\Neutral\N-3-6-2.wav,Neutral,5.16,3.88,5.0
Speaker-6,N-4-6-1.wav,C:\Users\FAIZAN KHAZI\Desktop\ML Project\iesc\dataset\Speaker-6\Neutral\N-4-6-1.wav,Neutral,5.16,3.88,5.0
Speaker-6,N-4-6-2.wav,C:\Users\FAIZAN KHAZI\Desktop\ML Project\iesc\dataset\Speaker-6\Neutral\N-4-6-2.wav,Neutral,5.16,3.88,5.0
Speaker-6,N-5-6-1.wav,C:\Users\FAIZAN KHAZI\Desktop\ML Project\iesc\dataset\Speaker-6\Neutral\N-5-6-1.wav,Neutral,5.16,3.88,5.0
Speaker-6,N-5-6-2.wav,C:\Users\FAIZAN KHAZI\Desktop\ML Project\iesc\dataset\Speaker-6\Neutral\N-5-6-2.wav,Neutral,5.16,3.88,5.0
Speaker-6,N-6-6-1.wav,C:\Users\FAIZAN KHAZI\Desktop\ML Project\iesc\dataset\Speaker-6\Neutral\N-6-6-1.wav,Neutral,5.16,3.88,5.0
Speaker-6,N-6-6-2.wav,C:\Users\FAIZAN KHAZI\Desktop\ML Project\iesc\dataset\Speaker-6\Neutral\N-6-6-2.wav,Neutral,5.16,3.88,5.0
Speaker-6,N-7-6-1.wav,C:\Users\FAIZAN KHAZI\Desktop\ML Project\iesc\dataset\Speaker-6\Neutral\N-7-6-1.wav,Neutral,5.16,3.88,5.0
Speaker-6,N-7-6-2.wav,C:\Users\FAIZAN KHAZI\Desktop\ML Project\iesc\dataset\Speaker-6\Neutral\N-7-6-2.wav,Neutral,5.16,3.88,5.0
Speaker-6,N-8-6-1.wav,C:\Users\FAIZAN KHAZI\Desktop\ML Project\iesc\dataset\Speaker-6\Neutral\N-8-6-1.wav,Neutral,5.16,3.88,5.0
Speaker-6,N-8-6-2.wav,C:\Users\FAIZAN KHAZI\Desktop\ML Project\iesc\dataset\Speaker-6\Neutral\N-8-6-2.wav,Neutral,5.16,3.88,5.0
Speaker-6,N-9-6-1.wav,C:\Users\FAIZAN KHAZI\Desktop\ML Project\iesc\dataset\Speaker-6\Neutral\N-9-6-1.wav,Neutral,5.16,3.88,5.0
Speaker-6,N-9-6-2.wav,C:\Users\FAIZAN KHAZI\Desktop\ML Project\iesc\dataset\Speaker-6\Neutral\N-9-6-2.wav,Neutral,5.16,3.88,5.0
Speaker-6,S-1-6-1.wav,C:\Users\FAIZAN KHAZI\Desktop\ML Project\iesc\dataset\Speaker-6\Sad\S-1-6-1.wav,Sad,2.32,3.47,2.98
Speaker-6,S-1-6-2.wav,C:\Users\FAIZAN KHAZI\Desktop\ML Project\iesc\dataset\Speaker-6\Sad\S-1-6-2.wav,Sad,2.32,3.47,2.98
Speaker-6,S-10-6-1.wav,C:\Users\FAIZAN KHAZI\Desktop\ML Project\iesc\dataset\Speaker-6\Sad\S-10-6-1.wav,Sad,2.32,3.47,2.98
Speaker-6,S-10-6-2.wav,C:\Users\FAIZAN KHAZI\Desktop\ML Project\iesc\dataset\Speaker-6\Sad\S-10-6-2.wav,Sad,2.32,3.47,2.98
Speaker-6,S-2-6-1.wav,C:\Users\FAIZAN KHAZI\Desktop\ML Project\iesc\dataset\Speaker-6\Sad\S-2-6-1.wav,Sad,2.32,3.47,2.98
Speaker-6,S-2-6-2.wav,C:\Users\FAIZAN KHAZI\Desktop\ML Project\iesc\dataset\Speaker-6\Sad\S-2-6-2.wav,Sad,2.32,3.47,2.98
Speaker-6,S-3-6-1.wav,C:\Users\FAIZAN KHAZI\Desktop\ML Project\iesc\dataset\Speaker-6\Sad\S-3-6-1.wav,Sad,2.32,3.47,2.98
Speaker-6,S-3-6-2.wav,C:\Users\FAIZAN KHAZI\Desktop\ML Project\iesc\dataset\Speaker-6\Sad\S-3-6-2.wav,Sad,2.32,3.47,2.98
Speaker-6,S-4-6-1.wav,C:\Users\FAIZAN KHAZI\Desktop\ML Project\iesc\dataset\Speaker-6\Sad\S-4-6-1.wav,Sad,2.32,3.47,2.98
Speaker-6,S-4-6-2.wav,C:\Users\FAIZAN KHAZI\Desktop\ML Project\iesc\dataset\Speaker-6\Sad\S-4-6-2.wav,Sad,2.32,3.47,2.98
Speaker-6,S-5-6-1.wav,C:\Users\FAIZAN KHAZI\Desktop\ML Project\iesc\dataset\Speaker-6\Sad\S-5-6-1.wav,Sad,2.32,3.47,2.98
Speaker-6,S-5-6-2.wav,C:\Users\FAIZAN KHAZI\Desktop\ML Project\iesc\dataset\Speaker-6\Sad\S-5-6-2.wav,Sad,2.32,3.47,2.98
Speaker-6,S-6-6-1.wav,C:\Users\FAIZAN KHAZI\Desktop\ML Project\iesc\dataset\Speaker-6\Sad\S-6-6-1.wav,Sad,2.32,3.47,2.98
Speaker-6,S-6-6-2.wav,C:\Users\FAIZAN KHAZI\Desktop\ML Project\iesc\dataset\Speaker-6\Sad\S-6-6-2.wav,Sad,2.32,3.47,2.98
Speaker-6,S-7-6-1.wav,C:\Users\FAIZAN KHAZI\Desktop\ML Project\iesc\dataset\Speaker-6\Sad\S-7-6-1.wav,Sad,2.32,3.47,2.98
Speaker-6,S-7-6-2.wav,C:\Users\FAIZAN KHAZI\Desktop\ML Project\iesc\dataset\Speaker-6\Sad\S-7-6-2.wav,Sad,2.32,3.47,2.98
Speaker-6,S-8-6-1.wav,C:\Users\FAIZAN KHAZI\Desktop\ML Project\iesc\dataset\Speaker-6\Sad\S-8-6-1.wav,Sad,2.32,3.47,2.98
Speaker-6,S-8-6-2.wav,C:\Users\FAIZAN KHAZI\Desktop\ML Project\iesc\dataset\Speaker-6\Sad\S-8-6-2.wav,Sad,2.32,3.47,2.98
Speaker-6,S-9-6-1.wav,C:\Users\FAIZAN KHAZI\Desktop\ML Project\iesc\dataset\Speaker-6\Sad\S-9-6-1.wav,Sad,2.32,3.47,2.98
Speaker-6,S-9-6-2.wav,C:\Users\FAIZAN KHAZI\Desktop\ML Project\iesc\dataset\Speaker-6\Sad\S-9-6-2.wav,Sad,2.32,3.47,2.98
Speaker-7,A-1-7-1.wav,C:\Users\FAIZAN KHAZI\Desktop\ML Project\iesc\dataset\Speaker-7\Anger\A-1-7-1.wav,Anger,2.98,7.02,6.38
Speaker-7,A-1-7-2.wav,C:\Users\FAIZAN KHAZI\Desktop\ML Project\iesc\dataset\Speaker-7\Anger\A-1-7-2.wav,Anger,2.98,7.02,6.38
Speaker-7,A-10-7-1.wav,C:\Users\FAIZAN KHAZI\Desktop\ML Project\iesc\dataset\Speaker-7\Anger\A-10-7-1.wav,Anger,2.98,7.02,6.38
Speaker-7,A-10-7-2.wav,C:\Users\FAIZAN KHAZI\Desktop\ML Project\iesc\dataset\Speaker-7\Anger\A-10-7-2.wav,Anger,2.98,7.02,6.38
Speaker-7,A-2-7-1.wav,C:\Users\FAIZAN KHAZI\Desktop\ML Project\iesc\dataset\Speaker-7\Anger\A-2-7-1.wav,Anger,2.98,7.02,6.38
Speaker-7,A-2-7-2.wav,C:\Users\FAIZAN KHAZI\Desktop\ML Project\iesc\dataset\Speaker-7\Anger\A-2-7-2.wav,Anger,2.98,7.02,6.38
Speaker-7,A-3-7-1.wav,C:\Users\FAIZAN KHAZI\Desktop\ML Project\iesc\dataset\Speaker-7\Anger\A-3-7-1.wav,Anger,2.98,7.02,6.38
Speaker-7,A-3-7-2.wav,C:\Users\FAIZAN KHAZI\Desktop\ML Project\iesc\dataset\Speaker-7\Anger\A-3-7-2.wav,Anger,2.98,7.02,6.38
Speaker-7,A-4-7-1.wav,C:\Users\FAIZAN KHAZI\Desktop\ML Project\iesc\dataset\Speaker-7\Anger\A-4-7-1.wav,Anger,2.98,7.02,6.38
Speaker-7,A-4-7-2.wav,C:\Users\FAIZAN KHAZI\Desktop\ML Project\iesc\dataset\Speaker-7\Anger\A-4-7-2.wav,Anger,2.98,7.02,6.38
Speaker-7,A-5-7-1.wav,C:\Users\FAIZAN KHAZI\Desktop\ML Project\iesc\dataset\Speaker-7\Anger\A-5-7-1.wav,Anger,2.98,7.02,6.38
Speaker-7,A-5-7-2.wav,C:\Users\FAIZAN KHAZI\Desktop\ML Project\iesc\dataset\Speaker-7\Anger\A-5-7-2.wav,Anger,2.98,7.02,6.38
Speaker-7,A-6-7-1.wav,C:\Users\FAIZAN KHAZI\Desktop\ML Project\iesc\dataset\Speaker-7\Anger\A-6-7-1.wav,Anger,2.98,7.02,6.38
Speaker-7,A-6-7-2.wav,C:\Users\FAIZAN KHAZI\Desktop\ML Project\iesc\dataset\Speaker-7\Anger\A-6-7-2.wav,Anger,2.98,7.02,6.38
Speaker-7,A-7-7-1.wav,C:\Users\FAIZAN KHAZI\Desktop\ML Project\iesc\dataset\Speaker-7\Anger\A-7-7-1.wav,Anger,2.98,7.02,6.38
Speaker-7,A-7-7-2.wav,C:\Users\FAIZAN KHAZI\Desktop\ML Project\iesc\dataset\Speaker-7\Anger\A-7-7-2.wav,Anger,2.98,7.02,6.38
Speaker-7,A-8-7-1.wav,C:\Users\FAIZAN KHAZI\Desktop\ML Project\iesc\dataset\Speaker-7\Anger\A-8-7-1.wav,Anger,2.98,7.02,6.38
Speaker-7,A-8-7-2.wav,C:\Users\FAIZAN KHAZI\Desktop\ML Project\iesc\dataset\Speaker-7\Anger\A-8-7-2.wav,Anger,2.98,7.02,6.38
Speaker-7,A-9-7-1.wav,C:\Users\FAIZAN KHAZI\Desktop\ML Project\iesc\dataset\Speaker-7\Anger\A-9-7-1.wav,Anger,2.98,7.02,6.38
Speaker-7,A-9-7-2.wav,C:\Users\FAIZAN KHAZI\Desktop\ML Project\iesc\dataset\Speaker-7\Anger\A-9-7-2.wav,Anger,2.98,7.02,6.38
Speaker-7,F-1-7-1.wav,C:\Users\FAIZAN KHAZI\Desktop\ML Project\iesc\dataset\Speaker-7\Fear\F-1-7-1.wav,Fear,2.5,7.41,3.69
Speaker-7,F-1-7-2.wav,C:\Users\FAIZAN KHAZI\Desktop\ML Project\iesc\dataset\Speaker-7\Fear\F-1-7-2.wav,Fear,2.5,7.41,3.69
Speaker-7,F-10-7-1.wav,C:\Users\FAIZAN KHAZI\Desktop\ML Project\iesc\dataset\Speaker-7\Fear\F-10-7-1.wav,Fear,2.5,7.41,3.69
Speaker-7,F-10-7-2.wav,C:\Users\FAIZAN KHAZI\Desktop\ML Project\iesc\dataset\Speaker-7\Fear\F-10-7-2.wav,Fear,2.5,7.41,3.69
Speaker-7,F-2-7-1.wav,C:\Users\FAIZAN KHAZI\Desktop\ML Project\iesc\dataset\Speaker-7\Fear\F-2-7-1.wav,Fear,2.5,7.41,3.69
Speaker-7,F-2-7-2.wav,C:\Users\FAIZAN KHAZI\Desktop\ML Project\iesc\dataset\Speaker-7\Fear\F-2-7-2.wav,Fear,2.5,7.41,3.69
Speaker-7,F-3-7-1.wav,C:\Users\FAIZAN KHAZI\Desktop\ML Project\iesc\dataset\Speaker-7\Fear\F-3-7-1.wav,Fear,2.5,7.41,3.69
Speaker-7,F-3-7-2.wav,C:\Users\FAIZAN KHAZI\Desktop\ML Project\iesc\dataset\Speaker-7\Fear\F-3-7-2.wav,Fear,2.5,7.41,3.69
Speaker-7,F-4-7-1.wav,C:\Users\FAIZAN KHAZI\Desktop\ML Project\iesc\dataset\Speaker-7\Fear\F-4-7-1.wav,Fear,2.5,7.41,3.69
Speaker-7,F-4-7-2.wav,C:\Users\FAIZAN KHAZI\Desktop\ML Project\iesc\dataset\Speaker-7\Fear\F-4-7-2.wav,Fear,2.5,7.41,3.69
Speaker-7,F-5-7-1.wav,C:\Users\FAIZAN KHAZI\Desktop\ML Project\iesc\dataset\Speaker-7\Fear\F-5-7-1.wav,Fear,2.5,7.41,3.69
Speaker-7,F-5-7-2.wav,C:\Users\FAIZAN KHAZI\Desktop\ML Project\iesc\dataset\Speaker-7\Fear\F-5-7-2.wav,Fear,2.5,7.41,3.69
Speaker-7,F-6-7-1.wav,C:\Users\FAIZAN KHAZI\Desktop\ML Project\iesc\dataset\Speaker-7\Fear\F-6-7-1.wav,Fear,2.5,7.41,3.69
Speaker-7,F-6-7-2.wav,C:\Users\FAIZAN KHAZI\Desktop\ML Project\iesc\dataset\Speaker-7\Fear\F-6-7-2.wav,Fear,2.5,7.41,3.69
Speaker-7,F-7-7-1.wav,C:\Users\FAIZAN KHAZI\Desktop\ML Project\iesc\dataset\Speaker-7\Fear\F-7-7-1.wav,Fear,2.5,7.41,3.69
Speaker-7,F-7-7-2.wav,C:\Users\FAIZAN KHAZI\Desktop\ML Project\iesc\dataset\Speaker-7\Fear\F-7-7-2.wav,Fear,2.5,7.41,3.69
Speaker-7,F-8-7-1.wav,C:\Users\FAIZAN KHAZI\Desktop\ML Project\iesc\dataset\Speaker-7\Fear\F-8-7-1.wav,Fear,2.5,7.41,3.69
Speaker-7,F-8-7-2.wav,C:\Users\FAIZAN KHAZI\Desktop\ML Project\iesc\dataset\Speaker-7\Fear\F-8-7-2.wav,Fear,2.5,7.41,3.69
Speaker-7,F-9-7-1.wav,C:\Users\FAIZAN KHAZI\Desktop\ML Project\iesc\dataset\Speaker-7\Fear\F-9-7-1.wav,Fear,2.5,7.41,3.69
Speaker-7,F-9-7-2.wav,C:\Users\FAIZAN KHAZI\Desktop\ML Project\iesc\dataset\Speaker-7\Fear\F-9-7-2.wav,Fear,2.5,7.41,3.69
Speaker-7,H-1-7-1.wav,C:\Users\FAIZAN KHAZI\Desktop\ML Project\iesc\dataset\Speaker-7\Happy\H-1-7-1.wav,Happy,8.21,6.49,6.26
Speaker-7,H-1-7-2.wav,C:\Users\FAIZAN KHAZI\Desktop\ML Project\iesc\dataset\Speaker-7\Happy\H-1-7-2.wav,Happy,8.21,6.49,6.26
Speaker-7,H-10-7-1.wav,C:\Users\FAIZAN KHAZI\Desktop\ML Project\iesc\dataset\Speaker-7\Happy\H-10-7-1.wav,Happy,8.21,6.49,6.26
Speaker-7,H-10-7-2.wav,C:\Users\FAIZAN KHAZI\Desktop\ML Project\iesc\dataset\Speaker-7\Happy\H-10-7-2.wav,Happy,8.21,6.49,6.26
Speaker-7,H-2-7-1.wav,C:\Users\FAIZAN KHAZI\Desktop\ML Project\iesc\dataset\Speaker-7\Happy\H-2-7-1.wav,Happy,8.21,6.49,6.26
Speaker-7,H-2-7-2.wav,C:\Users\FAIZAN KHAZI\Desktop\ML Project\iesc\dataset\Speaker-7\Happy\H-2-7-2.wav,Happy,8.21,6.49,6.26
Speaker-7,H-3-7-1.wav,C:\Users\FAIZAN KHAZI\Desktop\ML Project\iesc\dataset\Speaker-7\Happy\H-3-7-1.wav,Happy,8.21,6.49,6.26
Speaker-7,H-3-7-2.wav,C:\Users\FAIZAN KHAZI\Desktop\ML Project\iesc\dataset\Speaker-7\Happy\H-3-7-2.wav,Happy,8.21,6.49,6.26
Speaker-7,H-4-7-1.wav,C:\Users\FAIZAN KHAZI\Desktop\ML Project\iesc\dataset\Speaker-7\Happy\H-4-7-1.wav,Happy,8.21,6.49,6.26
Speaker-7,H-4-7-2.wav,C:\Users\FAIZAN KHAZI\Desktop\ML Project\iesc\dataset\Speaker-7\Happy\H-4-7-2.wav,Happy,8.21,6.49,6.26
Speaker-7,H-5-7-1.wav,C:\Users\FAIZAN KHAZI\Desktop\ML Project\iesc\dataset\Speaker-7\Happy\H-5-7-1.wav,Happy,8.21,6.49,6.26
Speaker-7,H-5-7-2.wav,C:\Users\FAIZAN KHAZI\Desktop\ML Project\iesc\dataset\Speaker-7\Happy\H-5-7-2.wav,Happy,8.21,6.49,6.26
Speaker-7,H-6-7-1.wav,C:\Users\FAIZAN KHAZI\Desktop\ML Project\iesc\dataset\Speaker-7\Happy\H-6-7-1.wav,Happy,8.21,6.49,6.26
Speaker-7,H-6-7-2.wav,C:\Users\FAIZAN KHAZI\Desktop\ML Project\iesc\dataset\Speaker-7\Happy\H-6-7-2.wav,Happy,8.21,6.49,6.26
Speaker-7,H-7-7-1.wav,C:\Users\FAIZAN KHAZI\Desktop\ML Project\iesc\dataset\Speaker-7\Happy\H-7-7-1.wav,Happy,8.21,6.49,6.26
Speaker-7,H-7-7-2.wav,C:\Users\FAIZAN KHAZI\Desktop\ML Project\iesc\dataset\Speaker-7\Happy\H-7-7-2.wav,Happy,8.21,6.49,6.26
Speaker-7,H-8-7-1.wav,C:\Users\FAIZAN KHAZI\Desktop\ML Project\iesc\dataset\Speaker-7\Happy\H-8-7-1.wav,Happy,8.21,6.49,6.26
Speaker-7,H-8-7-2.wav,C:\Users\FAIZAN KHAZI\Desktop\ML Project\iesc\dataset\Speaker-7\Happy\H-8-7-2.wav,Happy,8.21,6.49,6.26
Speaker-7,H-9-7-1.wav,C:\Users\FAIZAN KHAZI\Desktop\ML Project\iesc\dataset\Speaker-7\Happy\H-9-7-1.wav,Happy,8.21,6.49,6.26
Speaker-7,H-9-7-2.wav,C:\Users\FAIZAN KHAZI\Desktop\ML Project\iesc\dataset\Speaker-7\Happy\H-9-7-2.wav,Happy,8.21,6.49,6.26
Speaker-7,N-1-7-1.wav,C:\Users\FAIZAN KHAZI\Desktop\ML Project\iesc\dataset\Speaker-7\Neutral\N-1-7-1.wav,Neutral,5.16,3.88,5.0
Speaker-7,N-1-7-2.wav,C:\Users\FAIZAN KHAZI\Desktop\ML Project\iesc\dataset\Speaker-7\Neutral\N-1-7-2.wav,Neutral,5.16,3.88,5.0
Speaker-7,N-10-7-1.wav,C:\Users\FAIZAN KHAZI\Desktop\ML Project\iesc\dataset\Speaker-7\Neutral\N-10-7-1.wav,Neutral,5.16,3.88,5.0
Speaker-7,N-10-7-2.wav,C:\Users\FAIZAN KHAZI\Desktop\ML Project\iesc\dataset\Speaker-7\Neutral\N-10-7-2.wav,Neutral,5.16,3.88,5.0
Speaker-7,N-2-7-1.wav,C:\Users\FAIZAN KHAZI\Desktop\ML Project\iesc\dataset\Speaker-7\Neutral\N-2-7-1.wav,Neutral,5.16,3.88,5.0
Speaker-7,N-2-7-2.wav,C:\Users\FAIZAN KHAZI\Desktop\ML Project\iesc\dataset\Speaker-7\Neutral\N-2-7-2.wav,Neutral,5.16,3.88,5.0
Speaker-7,N-3-7-1.wav,C:\Users\FAIZAN KHAZI\Desktop\ML Project\iesc\dataset\Speaker-7\Neutral\N-3-7-1.wav,Neutral,5.16,3.88,5.0
Speaker-7,N-3-7-2.wav,C:\Users\FAIZAN KHAZI\Desktop\ML Project\iesc\dataset\Speaker-7\Neutral\N-3-7-2.wav,Neutral,5.16,3.88,5.0
Speaker-7,N-4-7-1.wav,C:\Users\FAIZAN KHAZI\Desktop\ML Project\iesc\dataset\Speaker-7\Neutral\N-4-7-1.wav,Neutral,5.16,3.88,5.0
Speaker-7,N-4-7-2.wav,C:\Users\FAIZAN KHAZI\Desktop\ML Project\iesc\dataset\Speaker-7\Neutral\N-4-7-2.wav,Neutral,5.16,3.88,5.0
Speaker-7,N-5-7-1.wav,C:\Users\FAIZAN KHAZI\Desktop\ML Project\iesc\dataset\Speaker-7\Neutral\N-5-7-1.wav,Neutral,5.16,3.88,5.0
Speaker-7,N-5-7-2.wav,C:\Users\FAIZAN KHAZI\Desktop\ML Project\iesc\dataset\Speaker-7\Neutral\N-5-7-2.wav,Neutral,5.16,3.88,5.0
Speaker-7,N-6-7-1.wav,C:\Users\FAIZAN KHAZI\Desktop\ML Project\iesc\dataset\Speaker-7\Neutral\N-6-7-1.wav,Neutral,5.16,3.88,5.0
Speaker-7,N-6-7-2.wav,C:\Users\FAIZAN KHAZI\Desktop\ML Project\iesc\dataset\Speaker-7\Neutral\N-6-7-2.wav,Neutral,5.16,3.88,5.0
Speaker-7,N-7-7-1.wav,C:\Users\FAIZAN KHAZI\Desktop\ML Project\iesc\dataset\Speaker-7\Neutral\N-7-7-1.wav,Neutral,5.16,3.88,5.0
Speaker-7,N-7-7-2.wav,C:\Users\FAIZAN KHAZI\Desktop\ML Project\iesc\dataset\Speaker-7\Neutral\N-7-7-2.wav,Neutral,5.16,3.88,5.0
Speaker-7,N-8-7-1.wav,C:\Users\FAIZAN KHAZI\Desktop\ML Project\iesc\dataset\Speaker-7\Neutral\N-8-7-1.wav,Neutral,5.16,3.88,5.0
Speaker-7,N-8-7-2.wav,C:\Users\FAIZAN KHAZI\Desktop\ML Project\iesc\dataset\Speaker-7\Neutral\N-8-7-2.wav,Neutral,5.16,3.88,5.0
Speaker-7,N-9-7-1.wav,C:\Users\FAIZAN KHAZI\Desktop\ML Project\iesc\dataset\Speaker-7\Neutral\N-9-7-1.wav,Neutral,5.16,3.88,5.0
Speaker-7,N-9-7-2.wav,C:\Users\FAIZAN KHAZI\Desktop\ML Project\iesc\dataset\Speaker-7\Neutral\N-9-7-2.wav,Neutral,5.16,3.88,5.0
Speaker-7,S-1-7-1.wav,C:\Users\FAIZAN KHAZI\Desktop\ML Project\iesc\dataset\Speaker-7\Sad\S-1-7-1.wav,Sad,2.32,3.47,2.98
Speaker-7,S-1-7-2.wav,C:\Users\FAIZAN KHAZI\Desktop\ML Project\iesc\dataset\Speaker-7\Sad\S-1-7-2.wav,Sad,2.32,3.47,2.98
Speaker-7,S-10-7-1.wav,C:\Users\FAIZAN KHAZI\Desktop\ML Project\iesc\dataset\Speaker-7\Sad\S-10-7-1.wav,Sad,2.32,3.47,2.98
Speaker-7,S-10-7-2.wav,C:\Users\FAIZAN KHAZI\Desktop\ML Project\iesc\dataset\Speaker-7\Sad\S-10-7-2.wav,Sad,2.32,3.47,2.98
Speaker-7,S-2-7-1.wav,C:\Users\FAIZAN KHAZI\Desktop\ML Project\iesc\dataset\Speaker-7\Sad\S-2-7-1.wav,Sad,2.32,3.47,2.98
Speaker-7,S-2-7-2.wav,C:\Users\FAIZAN KHAZI\Desktop\ML Project\iesc\dataset\Speaker-7\Sad\S-2-7-2.wav,Sad,2.32,3.47,2.98
Speaker-7,S-3-7-1.wav,C:\Users\FAIZAN KHAZI\Desktop\ML Project\iesc\dataset\Speaker-7\Sad\S-3-7-1.wav,Sad,2.32,3.47,2.98
Speaker-7,S-3-7-2.wav,C:\Users\FAIZAN KHAZI\Desktop\ML Project\iesc\dataset\Speaker-7\Sad\S-3-7-2.wav,Sad,2.32,3.47,2.98
Speaker-7,S-4-7-1.wav,C:\Users\FAIZAN KHAZI\Desktop\ML Project\iesc\dataset\Speaker-7\Sad\S-4-7-1.wav,Sad,2.32,3.47,2.98
Speaker-7,S-4-7-2.wav,C:\Users\FAIZAN KHAZI\Desktop\ML Project\iesc\dataset\Speaker-7\Sad\S-4-7-2.wav,Sad,2.32,3.47,2.98
Speaker-7,S-5-7-1.wav,C:\Users\FAIZAN KHAZI\Desktop\ML Project\iesc\dataset\Speaker-7\Sad\S-5-7-1.wav,Sad,2.32,3.47,2.98
Speaker-7,S-5-7-2.wav,C:\Users\FAIZAN KHAZI\Desktop\ML Project\iesc\dataset\Speaker-7\Sad\S-5-7-2.wav,Sad,2.32,3.47,2.98
Speaker-7,S-6-7-1.wav,C:\Users\FAIZAN KHAZI\Desktop\ML Project\iesc\dataset\Speaker-7\Sad\S-6-7-1.wav,Sad,2.32,3.47,2.98
Speaker-7,S-6-7-2.wav,C:\Users\FAIZAN KHAZI\Desktop\ML Project\iesc\dataset\Speaker-7\Sad\S-6-7-2.wav,Sad,2.32,3.47,2.98
Speaker-7,S-7-7-1.wav,C:\Users\FAIZAN KHAZI\Desktop\ML Project\iesc\dataset\Speaker-7\Sad\S-7-7-1.wav,Sad,2.32,3.47,2.98
Speaker-7,S-7-7-2.wav,C:\Users\FAIZAN KHAZI\Desktop\ML Project\iesc\dataset\Speaker-7\Sad\S-7-7-2.wav,Sad,2.32,3.47,2.98
Speaker-7,S-8-7-1.wav,C:\Users\FAIZAN KHAZI\Desktop\ML Project\iesc\dataset\Speaker-7\Sad\S-8-7-1.wav,Sad,2.32,3.47,2.98
Speaker-7,S-8-7-2.wav,C:\Users\FAIZAN KHAZI\Desktop\ML Project\iesc\dataset\Speaker-7\Sad\S-8-7-2.wav,Sad,2.32,3.47,2.98
Speaker-7,S-9-7-1.wav,C:\Users\FAIZAN KHAZI\Desktop\ML Project\iesc\dataset\Speaker-7\Sad\S-9-7-1.wav,Sad,2.32,3.47,2.98
Speaker-7,S-9-7-2.wav,C:\Users\FAIZAN KHAZI\Desktop\ML Project\iesc\dataset\Speaker-7\Sad\S-9-7-2.wav,Sad,2.32,3.47,2.98
Speaker-8,A-1-8-1.wav,C:\Users\FAIZAN KHAZI\Desktop\ML Project\iesc\dataset\Speaker-8\Anger\A-1-8-1.wav,Anger,2.98,7.02,6.38
Speaker-8,A-1-8-2.wav,C:\Users\FAIZAN KHAZI\Desktop\ML Project\iesc\dataset\Speaker-8\Anger\A-1-8-2.wav,Anger,2.98,7.02,6.38
Speaker-8,A-10-8-1.wav,C:\Users\FAIZAN KHAZI\Desktop\ML Project\iesc\dataset\Speaker-8\Anger\A-10-8-1.wav,Anger,2.98,7.02,6.38
Speaker-8,A-10-8-2.wav,C:\Users\FAIZAN KHAZI\Desktop\ML Project\iesc\dataset\Speaker-8\Anger\A-10-8-2.wav,Anger,2.98,7.02,6.38
Speaker-8,A-2-8-1.wav,C:\Users\FAIZAN KHAZI\Desktop\ML Project\iesc\dataset\Speaker-8\Anger\A-2-8-1.wav,Anger,2.98,7.02,6.38
Speaker-8,A-2-8-2.wav,C:\Users\FAIZAN KHAZI\Desktop\ML Project\iesc\dataset\Speaker-8\Anger\A-2-8-2.wav,Anger,2.98,7.02,6.38
Speaker-8,A-3-8-1.wav,C:\Users\FAIZAN KHAZI\Desktop\ML Project\iesc\dataset\Speaker-8\Anger\A-3-8-1.wav,Anger,2.98,7.02,6.38
Speaker-8,A-3-8-2.wav,C:\Users\FAIZAN KHAZI\Desktop\ML Project\iesc\dataset\Speaker-8\Anger\A-3-8-2.wav,Anger,2.98,7.02,6.38
Speaker-8,A-4-8-1.wav,C:\Users\FAIZAN KHAZI\Desktop\ML Project\iesc\dataset\Speaker-8\Anger\A-4-8-1.wav,Anger,2.98,7.02,6.38
Speaker-8,A-4-8-2.wav,C:\Users\FAIZAN KHAZI\Desktop\ML Project\iesc\dataset\Speaker-8\Anger\A-4-8-2.wav,Anger,2.98,7.02,6.38
Speaker-8,A-5-8-1.wav,C:\Users\FAIZAN KHAZI\Desktop\ML Project\iesc\dataset\Speaker-8\Anger\A-5-8-1.wav,Anger,2.98,7.02,6.38
Speaker-8,A-5-8-2.wav,C:\Users\FAIZAN KHAZI\Desktop\ML Project\iesc\dataset\Speaker-8\Anger\A-5-8-2.wav,Anger,2.98,7.02,6.38
Speaker-8,A-6-8-1.wav,C:\Users\FAIZAN KHAZI\Desktop\ML Project\iesc\dataset\Speaker-8\Anger\A-6-8-1.wav,Anger,2.98,7.02,6.38
Speaker-8,A-6-8-2.wav,C:\Users\FAIZAN KHAZI\Desktop\ML Project\iesc\dataset\Speaker-8\Anger\A-6-8-2.wav,Anger,2.98,7.02,6.38
Speaker-8,A-7-8-1.wav,C:\Users\FAIZAN KHAZI\Desktop\ML Project\iesc\dataset\Speaker-8\Anger\A-7-8-1.wav,Anger,2.98,7.02,6.38
Speaker-8,A-7-8-2.wav,C:\Users\FAIZAN KHAZI\Desktop\ML Project\iesc\dataset\Speaker-8\Anger\A-7-8-2.wav,Anger,2.98,7.02,6.38
Speaker-8,A-8-8-1.wav,C:\Users\FAIZAN KHAZI\Desktop\ML Project\iesc\dataset\Speaker-8\Anger\A-8-8-1.wav,Anger,2.98,7.02,6.38
Speaker-8,A-8-8-2.wav,C:\Users\FAIZAN KHAZI\Desktop\ML Project\iesc\dataset\Speaker-8\Anger\A-8-8-2.wav,Anger,2.98,7.02,6.38
Speaker-8,A-9-8-1.wav,C:\Users\FAIZAN KHAZI\Desktop\ML Project\iesc\dataset\Speaker-8\Anger\A-9-8-1.wav,Anger,2.98,7.02,6.38
Speaker-8,A-9-8-2.wav,C:\Users\FAIZAN KHAZI\Desktop\ML Project\iesc\dataset\Speaker-8\Anger\A-9-8-2.wav,Anger,2.98,7.02,6.38
Speaker-8,F-1-8-1.wav,C:\Users\FAIZAN KHAZI\Desktop\ML Project\iesc\dataset\Speaker-8\Fear\F-1-8-1.wav,Fear,2.5,7.41,3.69
Speaker-8,F-1-8-2.wav,C:\Users\FAIZAN KHAZI\Desktop\ML Project\iesc\dataset\Speaker-8\Fear\F-1-8-2.wav,Fear,2.5,7.41,3.69
Speaker-8,F-10-8-1.wav,C:\Users\FAIZAN KHAZI\Desktop\ML Project\iesc\dataset\Speaker-8\Fear\F-10-8-1.wav,Fear,2.5,7.41,3.69
Speaker-8,F-10-8-2.wav,C:\Users\FAIZAN KHAZI\Desktop\ML Project\iesc\dataset\Speaker-8\Fear\F-10-8-2.wav,Fear,2.5,7.41,3.69
Speaker-8,F-2-8-1.wav,C:\Users\FAIZAN KHAZI\Desktop\ML Project\iesc\dataset\Speaker-8\Fear\F-2-8-1.wav,Fear,2.5,7.41,3.69
Speaker-8,F-2-8-2.wav,C:\Users\FAIZAN KHAZI\Desktop\ML Project\iesc\dataset\Speaker-8\Fear\F-2-8-2.wav,Fear,2.5,7.41,3.69
Speaker-8,F-3-8-1.wav,C:\Users\FAIZAN KHAZI\Desktop\ML Project\iesc\dataset\Speaker-8\Fear\F-3-8-1.wav,Fear,2.5,7.41,3.69
Speaker-8,F-3-8-2.wav,C:\Users\FAIZAN KHAZI\Desktop\ML Project\iesc\dataset\Speaker-8\Fear\F-3-8-2.wav,Fear,2.5,7.41,3.69
Speaker-8,F-4-8-1.wav,C:\Users\FAIZAN KHAZI\Desktop\ML Project\iesc\dataset\Speaker-8\Fear\F-4-8-1.wav,Fear,2.5,7.41,3.69
Speaker-8,F-4-8-2.wav,C:\Users\FAIZAN KHAZI\Desktop\ML Project\iesc\dataset\Speaker-8\Fear\F-4-8-2.wav,Fear,2.5,7.41,3.69
Speaker-8,F-5-8-1.wav,C:\Users\FAIZAN KHAZI\Desktop\ML Project\iesc\dataset\Speaker-8\Fear\F-5-8-1.wav,Fear,2.5,7.41,3.69
Speaker-8,F-5-8-2.wav,C:\Users\FAIZAN KHAZI\Desktop\ML Project\iesc\dataset\Speaker-8\Fear\F-5-8-2.wav,Fear,2.5,7.41,3.69
Speaker-8,F-6-8-1.wav,C:\Users\FAIZAN KHAZI\Desktop\ML Project\iesc\dataset\Speaker-8\Fear\F-6-8-1.wav,Fear,2.5,7.41,3.69
Speaker-8,F-6-8-2.wav,C:\Users\FAIZAN KHAZI\Desktop\ML Project\iesc\dataset\Speaker-8\Fear\F-6-8-2.wav,Fear,2.5,7.41,3.69
Speaker-8,F-7-8-1.wav,C:\Users\FAIZAN KHAZI\Desktop\ML Project\iesc\dataset\Speaker-8\Fear\F-7-8-1.wav,Fear,2.5,7.41,3.69
Speaker-8,F-7-8-2.wav,C:\Users\FAIZAN KHAZI\Desktop\ML Project\iesc\dataset\Speaker-8\Fear\F-7-8-2.wav,Fear,2.5,7.41,3.69
Speaker-8,F-8-8-1.wav,C:\Users\FAIZAN KHAZI\Desktop\ML Project\iesc\dataset\Speaker-8\Fear\F-8-8-1.wav,Fear,2.5,7.41,3.69
Speaker-8,F-8-8-2.wav,C:\Users\FAIZAN KHAZI\Desktop\ML Project\iesc\dataset\Speaker-8\Fear\F-8-8-2.wav,Fear,2.5,7.41,3.69
Speaker-8,F-9-8-1.wav,C:\Users\FAIZAN KHAZI\Desktop\ML Project\iesc\dataset\Speaker-8\Fear\F-9-8-1.wav,Fear,2.5,7.41,3.69
Speaker-8,F-9-8-2.wav,C:\Users\FAIZAN KHAZI\Desktop\ML Project\iesc\dataset\Speaker-8\Fear\F-9-8-2.wav,Fear,2.5,7.41,3.69
Speaker-8,H-1-8-1.wav,C:\Users\FAIZAN KHAZI\Desktop\ML Project\iesc\dataset\Speaker-8\Happy\H-1-8-1.wav,Happy,8.21,6.49,6.26
Speaker-8,H-1-8-2.wav,C:\Users\FAIZAN KHAZI\Desktop\ML Project\iesc\dataset\Speaker-8\Happy\H-1-8-2.wav,Happy,8.21,6.49,6.26
Speaker-8,H-10-8-1.wav,C:\Users\FAIZAN KHAZI\Desktop\ML Project\iesc\dataset\Speaker-8\Happy\H-10-8-1.wav,Happy,8.21,6.49,6.26
Speaker-8,H-10-8-2.wav,C:\Users\FAIZAN KHAZI\Desktop\ML Project\iesc\dataset\Speaker-8\Happy\H-10-8-2.wav,Happy,8.21,6.49,6.26
Speaker-8,H-2-8-1.wav,C:\Users\FAIZAN KHAZI\Desktop\ML Project\iesc\dataset\Speaker-8\Happy\H-2-8-1.wav,Happy,8.21,6.49,6.26
Speaker-8,H-2-8-2.wav,C:\Users\FAIZAN KHAZI\Desktop\ML Project\iesc\dataset\Speaker-8\Happy\H-2-8-2.wav,Happy,8.21,6.49,6.26
Speaker-8,H-3-8-1.wav,C:\Users\FAIZAN KHAZI\Desktop\ML Project\iesc\dataset\Speaker-8\Happy\H-3-8-1.wav,Happy,8.21,6.49,6.26
Speaker-8,H-3-8-2.wav,C:\Users\FAIZAN KHAZI\Desktop\ML Project\iesc\dataset\Speaker-8\Happy\H-3-8-2.wav,Happy,8.21,6.49,6.26
Speaker-8,H-4-8-1.wav,C:\Users\FAIZAN KHAZI\Desktop\ML Project\iesc\dataset\Speaker-8\Happy\H-4-8-1.wav,Happy,8.21,6.49,6.26
Speaker-8,H-4-8-2.wav,C:\Users\FAIZAN KHAZI\Desktop\ML Project\iesc\dataset\Speaker-8\Happy\H-4-8-2.wav,Happy,8.21,6.49,6.26
Speaker-8,H-5-8-1.wav,C:\Users\FAIZAN KHAZI\Desktop\ML Project\iesc\dataset\Speaker-8\Happy\H-5-8-1.wav,Happy,8.21,6.49,6.26
Speaker-8,H-5-8-2.wav,C:\Users\FAIZAN KHAZI\Desktop\ML Project\iesc\dataset\Speaker-8\Happy\H-5-8-2.wav,Happy,8.21,6.49,6.26
Speaker-8,H-6-8-1.wav,C:\Users\FAIZAN KHAZI\Desktop\ML Project\iesc\dataset\Speaker-8\Happy\H-6-8-1.wav,Happy,8.21,6.49,6.26
Speaker-8,H-6-8-2.wav,C:\Users\FAIZAN KHAZI\Desktop\ML Project\iesc\dataset\Speaker-8\Happy\H-6-8-2.wav,Happy,8.21,6.49,6.26
Speaker-8,H-7-8-1.wav,C:\Users\FAIZAN KHAZI\Desktop\ML Project\iesc\dataset\Speaker-8\Happy\H-7-8-1.wav,Happy,8.21,6.49,6.26
Speaker-8,H-7-8-2.wav,C:\Users\FAIZAN KHAZI\Desktop\ML Project\iesc\dataset\Speaker-8\Happy\H-7-8-2.wav,Happy,8.21,6.49,6.26
Speaker-8,H-8-8-1.wav,C:\Users\FAIZAN KHAZI\Desktop\ML Project\iesc\dataset\Speaker-8\Happy\H-8-8-1.wav,Happy,8.21,6.49,6.26
Speaker-8,H-8-8-2.wav,C:\Users\FAIZAN KHAZI\Desktop\ML Project\iesc\dataset\Speaker-8\Happy\H-8-8-2.wav,Happy,8.21,6.49,6.26
Speaker-8,H-9-8-1.wav,C:\Users\FAIZAN KHAZI\Desktop\ML Project\iesc\dataset\Speaker-8\Happy\H-9-8-1.wav,Happy,8.21,6.49,6.26
Speaker-8,H-9-8-2.wav,C:\Users\FAIZAN KHAZI\Desktop\ML Project\iesc\dataset\Speaker-8\Happy\H-9-8-2.wav,Happy,8.21,6.49,6.26
Speaker-8,N-1-8-1.wav,C:\Users\FAIZAN KHAZI\Desktop\ML Project\iesc\dataset\Speaker-8\Neutral\N-1-8-1.wav,Neutral,5.16,3.88,5.0
Speaker-8,N-1-8-2.wav,C:\Users\FAIZAN KHAZI\Desktop\ML Project\iesc\dataset\Speaker-8\Neutral\N-1-8-2.wav,Neutral,5.16,3.88,5.0
Speaker-8,N-10-8-1.wav,C:\Users\FAIZAN KHAZI\Desktop\ML Project\iesc\dataset\Speaker-8\Neutral\N-10-8-1.wav,Neutral,5.16,3.88,5.0
Speaker-8,N-10-8-2.wav,C:\Users\FAIZAN KHAZI\Desktop\ML Project\iesc\dataset\Speaker-8\Neutral\N-10-8-2.wav,Neutral,5.16,3.88,5.0
Speaker-8,N-2-8-1.wav,C:\Users\FAIZAN KHAZI\Desktop\ML Project\iesc\dataset\Speaker-8\Neutral\N-2-8-1.wav,Neutral,5.16,3.88,5.0
Speaker-8,N-2-8-2.wav,C:\Users\FAIZAN KHAZI\Desktop\ML Project\iesc\dataset\Speaker-8\Neutral\N-2-8-2.wav,Neutral,5.16,3.88,5.0
Speaker-8,N-3-8-1.wav,C:\Users\FAIZAN KHAZI\Desktop\ML Project\iesc\dataset\Speaker-8\Neutral\N-3-8-1.wav,Neutral,5.16,3.88,5.0
Speaker-8,N-3-8-2.wav,C:\Users\FAIZAN KHAZI\Desktop\ML Project\iesc\dataset\Speaker-8\Neutral\N-3-8-2.wav,Neutral,5.16,3.88,5.0
Speaker-8,N-4-8-1.wav,C:\Users\FAIZAN KHAZI\Desktop\ML Project\iesc\dataset\Speaker-8\Neutral\N-4-8-1.wav,Neutral,5.16,3.88,5.0
Speaker-8,N-4-8-2.wav,C:\Users\FAIZAN KHAZI\Desktop\ML Project\iesc\dataset\Speaker-8\Neutral\N-4-8-2.wav,Neutral,5.16,3.88,5.0
Speaker-8,N-5-8-1.wav,C:\Users\FAIZAN KHAZI\Desktop\ML Project\iesc\dataset\Speaker-8\Neutral\N-5-8-1.wav,Neutral,5.16,3.88,5.0
Speaker-8,N-5-8-2.wav,C:\Users\FAIZAN KHAZI\Desktop\ML Project\iesc\dataset\Speaker-8\Neutral\N-5-8-2.wav,Neutral,5.16,3.88,5.0
Speaker-8,N-6-8-1.wav,C:\Users\FAIZAN KHAZI\Desktop\ML Project\iesc\dataset\Speaker-8\Neutral\N-6-8-1.wav,Neutral,5.16,3.88,5.0
Speaker-8,N-6-8-2.wav,C:\Users\FAIZAN KHAZI\Desktop\ML Project\iesc\dataset\Speaker-8\Neutral\N-6-8-2.wav,Neutral,5.16,3.88,5.0
Speaker-8,N-7-8-1.wav,C:\Users\FAIZAN KHAZI\Desktop\ML Project\iesc\dataset\Speaker-8\Neutral\N-7-8-1.wav,Neutral,5.16,3.88,5.0
Speaker-8,N-7-8-2.wav,C:\Users\FAIZAN KHAZI\Desktop\ML Project\iesc\dataset\Speaker-8\Neutral\N-7-8-2.wav,Neutral,5.16,3.88,5.0
Speaker-8,N-8-8-1.wav,C:\Users\FAIZAN KHAZI\Desktop\ML Project\iesc\dataset\Speaker-8\Neutral\N-8-8-1.wav,Neutral,5.16,3.88,5.0
Speaker-8,N-8-8-2.wav,C:\Users\FAIZAN KHAZI\Desktop\ML Project\iesc\dataset\Speaker-8\Neutral\N-8-8-2.wav,Neutral,5.16,3.88,5.0
Speaker-8,N-9-8-1.wav,C:\Users\FAIZAN KHAZI\Desktop\ML Project\iesc\dataset\Speaker-8\Neutral\N-9-8-1.wav,Neutral,5.16,3.88,5.0
Speaker-8,N-9-8-2.wav,C:\Users\FAIZAN KHAZI\Desktop\ML Project\iesc\dataset\Speaker-8\Neutral\N-9-8-2.wav,Neutral,5.16,3.88,5.0
Speaker-8,S-1-8-1.wav,C:\Users\FAIZAN KHAZI\Desktop\ML Project\iesc\dataset\Speaker-8\Sad\S-1-8-1.wav,Sad,2.32,3.47,2.98
Speaker-8,S-1-8-2.wav,C:\Users\FAIZAN KHAZI\Desktop\ML Project\iesc\dataset\Speaker-8\Sad\S-1-8-2.wav,Sad,2.32,3.47,2.98
Speaker-8,S-10-8-1.wav,C:\Users\FAIZAN KHAZI\Desktop\ML Project\iesc\dataset\Speaker-8\Sad\S-10-8-1.wav,Sad,2.32,3.47,2.98
Speaker-8,S-10-8-2.wav,C:\Users\FAIZAN KHAZI\Desktop\ML Project\iesc\dataset\Speaker-8\Sad\S-10-8-2.wav,Sad,2.32,3.47,2.98
Speaker-8,S-2-8-1.wav,C:\Users\FAIZAN KHAZI\Desktop\ML Project\iesc\dataset\Speaker-8\Sad\S-2-8-1.wav,Sad,2.32,3.47,2.98
Speaker-8,S-2-8-2.wav,C:\Users\FAIZAN KHAZI\Desktop\ML Project\iesc\dataset\Speaker-8\Sad\S-2-8-2.wav,Sad,2.32,3.47,2.98
Speaker-8,S-3-8-1.wav,C:\Users\FAIZAN KHAZI\Desktop\ML Project\iesc\dataset\Speaker-8\Sad\S-3-8-1.wav,Sad,2.32,3.47,2.98
Speaker-8,S-3-8-2.wav,C:\Users\FAIZAN KHAZI\Desktop\ML Project\iesc\dataset\Speaker-8\Sad\S-3-8-2.wav,Sad,2.32,3.47,2.98
Speaker-8,S-4-8-1.wav,C:\Users\FAIZAN KHAZI\Desktop\ML Project\iesc\dataset\Speaker-8\Sad\S-4-8-1.wav,Sad,2.32,3.47,2.98
Speaker-8,S-4-8-2.wav,C:\Users\FAIZAN KHAZI\Desktop\ML Project\iesc\dataset\Speaker-8\Sad\S-4-8-2.wav,Sad,2.32,3.47,2.98
Speaker-8,S-5-8-1.wav,C:\Users\FAIZAN KHAZI\Desktop\ML Project\iesc\dataset\Speaker-8\Sad\S-5-8-1.wav,Sad,2.32,3.47,2.98
Speaker-8,S-5-8-2.wav,C:\Users\FAIZAN KHAZI\Desktop\ML Project\iesc\dataset\Speaker-8\Sad\S-5-8-2.wav,Sad,2.32,3.47,2.98
Speaker-8,S-6-8-1.wav,C:\Users\FAIZAN KHAZI\Desktop\ML Project\iesc\dataset\Speaker-8\Sad\S-6-8-1.wav,Sad,2.32,3.47,2.98
Speaker-8,S-6-8-2.wav,C:\Users\FAIZAN KHAZI\Desktop\ML Project\iesc\dataset\Speaker-8\Sad\S-6-8-2.wav,Sad,2.32,3.47,2.98
Speaker-8,S-7-8-1.wav,C:\Users\FAIZAN KHAZI\Desktop\ML Project\iesc\dataset\Speaker-8\Sad\S-7-8-1.wav,Sad,2.32,3.47,2.98
Speaker-8,S-7-8-2.wav,C:\Users\FAIZAN KHAZI\Desktop\ML Project\iesc\dataset\Speaker-8\Sad\S-7-8-2.wav,Sad,2.32,3.47,2.98
Speaker-8,S-8-8-18.wav,C:\Users\FAIZAN KHAZI\Desktop\ML Project\iesc\dataset\Speaker-8\Sad\S-8-8-18.wav,Sad,2.32,3.47,2.98
Speaker-8,S-8-8-2.wav,C:\Users\FAIZAN KHAZI\Desktop\ML Project\iesc\dataset\Speaker-8\Sad\S-8-8-2.wav,Sad,2.32,3.47,2.98
Speaker-8,S-9-8-1.wav,C:\Users\FAIZAN KHAZI\Desktop\ML Project\iesc\dataset\Speaker-8\Sad\S-9-8-1.wav,Sad,2.32,3.47,2.98
Speaker-8,S-9-8-2.wav,C:\Users\FAIZAN KHAZI\Desktop\ML Project\iesc\dataset\Speaker-8\Sad\S-9-8-2.wav,Sad,2.32,3.47,2.98
